node,product,amount(tonne/week),time
beef04,p1,3601.26846531,1
beef04,p1,3799.56043062,2
beef04,p1,1068.2771302162996,3
beef04,p1,1266.5690955262996,4
beef04,p1,1464.8610608362997,5
beef04,p1,1663.1530261462997,6
beef04,p1,1861.4449914562997,7
beef04,p1,1786.791086076915,8
beef04,p1,198.29196531,12
beef04,p1,107.22570768944846,13
beef04,p1,305.51767299944845,14
beef11,p1,204.48148363840534,1
beef11,p1,274.50000000000006,2
beef11,p1,175.35401736000006,3
beef11,p1,274.50000000000006,4
beef11,p1,99.14598264,7
beef11,p1,198.29196528,8
beef11,p1,76.20803472000006,9
beef11,p1,175.35401736000006,10
beef11,p1,274.50000000000006,11
beef11,p1,87.90445907365557,14
beef14,p1,846.15771528,1
beef14,p1,1044.4496805600002,2
beef14,p1,826.4450867999999,3
beef14,p1,925.59106944,4
beef14,p1,1024.73705208,5
beef14,p1,1123.88303472,6
beef14,p1,1223.0290173600001,7
beef14,p1,1322.1750000000002,8
beef14,p1,99.14598264,10
beef14,p1,99.14598264,12
beef14,p1,99.14598264,14
beef16,p1,3161.44446531,1
beef16,p1,3359.7364306199997,2
beef16,p1,3303.3166492204755,3
beef16,p1,2586.994785955817,4
beef16,p1,2785.2867512658167,5
beef16,p1,2109.3073436752766,6
beef16,p1,2307.5993089852764,7
beef16,p1,2505.891274295276,8
beef16,p1,1613.2274240398303,9
beef16,p1,892.6638502554458,10
beef16,p1,198.29196531,12
beef16,p1,396.58393062,13
beef16,p1,594.87589593,14
beef19,p1,2400.4485699782576,1
beef19,p1,3123.000000000001,2
beef19,p1,2862.017545902151,3
beef19,p1,2402.7431265243013,4
beef19,p1,2317.114689786452,5
beef19,p1,1956.986253048602,6
beef19,p1,1497.7118336707524,7
beef19,p1,1038.437414292903,8
beef19,p1,557.1391691244078,9
beef19,p1,317.1285027095151,10
beef19,p1,77.1178362946224,11
beef19,p1,263.71337722096683,12
beef19,p1,175.8089181473112,13
beef20,p1,918.0413062919998,1
beef20,p1,1116.3332716019997,2
beef20,p1,1314.6252369119998,3
beef20,p1,805.0741040700002,4
beef20,p1,1003.3660693800002,5
beef20,p1,1201.6580346900002,6
beef20,p1,1399.9500000000003,7
beef20,p1,38.7757742404321,10
beef20,p1,198.29196531,14
beef28,p1,5618.338059213001,1
beef28,p1,5851.331118426001,2
beef28,p1,5948.452526472307,3
beef28,p1,5145.960293804646,4
beef28,p1,4457.4419682100315,5
beef28,p1,4135.048083656012,6
beef28,p1,3595.7509278597645,7
beef28,p1,2793.258695192105,8
beef28,p1,2045.5560575831823,9
beef28,p1,1276.9361587278865,10
beef28,p1,556.6950442648761,11
beef28,p1,472.455518838807,12
beef28,p1,99.14598264,14
beef30,p1,763.2129653100001,1
beef30,p1,961.5049306200001,2
beef30,p1,736.7319261788917,3
beef30,p1,511.9589217377834,4
beef30,p1,287.18591729667503,5
beef30,p1,485.47788260667505,6
beef30,p1,449.54600888221665,7
beef30,p1,224.77300444110833,8
beef30,p1,198.29196531,10
beef30,p1,396.58393062,11
beef30,p1,594.87589593,12
beef30,p1,793.16786124,13
beef30,p1,991.45982655,14
beef33,p1,3097.1292065999996,1
beef33,p1,3344.9941631999995,2
beef33,p1,3493.7131371599994,3
beef33,p1,3642.4321111199993,4
beef33,p1,2902.3383354880666,5
beef33,p1,2466.0162903255036,6
beef33,p1,1813.9249180112201,7
beef33,p1,1962.6438919712202,8
beef33,p1,1310.552519656937,9
beef33,p1,1155.0512010798802,10
beef33,p1,1303.7701750398803,11
beef33,p1,1452.4891489998804,12
beef33,p1,1601.2081229598805,13
beef33,p1,1749.9270969198806,14
beef39,p1,426.20182950900016,1
beef39,p1,594.7500000000001,2
beef39,p1,495.6040173450002,3
beef39,p1,515.4332138760002,4
beef39,p1,535.2624104070002,5
beef39,p1,555.0916069380002,6
beef39,p1,574.9208034690001,7
beef39,p1,594.7500000000001,8
beef39,p1,548.4198247725748,9
beef39,p1,568.2490213035748,10
beef39,p1,588.0782178345747,11
beef39,p1,19.829196531,14
beef41,p1,11963.103816673069,1
beef41,p1,11748.648524057564,2
beef41,p1,10754.552112499749,3
beef41,p1,9013.918503086687,4
beef41,p1,7148.984711265074,5
beef41,p1,5300.535195480973,6
beef41,p1,3605.5674012346744,7
beef41,p1,1802.7837006173372,8
beef41,p1,35.852606449581174,10
beef41,p1,134.99858908958117,11
beef41,p1,234.14457172958117,12
beef54,p1,2202.79820226,1
beef54,p1,2475.44965452,2
beef54,p1,2525.0226458399998,3
beef54,p1,1511.5029488931086,4
beef54,p1,1561.0759402131087,5
beef54,p1,1610.6489315331087,6
beef54,p1,1660.2219228531087,7
beef54,p1,1709.7949141731087,8
beef54,p1,1759.3679054931088,9
beef54,p1,1808.9408968131088,10
beef54,p1,174.97386141418286,11
beef54,p1,224.54685273418286,12
beef54,p1,274.11984405418286,13
beef54,p1,323.6928353741829,14
dairy003,p2,1545.1419748217027,1
dairy003,p2,1618.4752072217027,2
dairy003,p2,920.8701533364356,3
dairy003,p2,994.2033857364356,4
dairy003,p2,28.549843120528607,6
dairy003,p2,101.88307552052862,7
dairy003,p2,52.301424043998594,8
dairy003,p2,73.33323240000001,10
dairy003,p2,29.12788411836536,11
dairy003,p2,102.46111651836537,12
dairy003,p2,57.24934071891729,13
dairy003,p3,2268.24999387,1
dairy003,p3,2291.8467377399998,2
dairy003,p3,2315.4434816099997,3
dairy003,p3,2339.0402254799997,4
dairy003,p3,2362.6369693499996,5
dairy003,p3,2386.2337132199996,6
dairy003,p3,2409.8304570899995,7
dairy003,p3,2433.4272009599995,8
dairy003,p3,974.6021214774428,9
dairy003,p3,998.1988653474427,10
dairy003,p3,1021.7956092174427,11
dairy003,p3,1045.3923530874426,12
dairy003,p3,23.596743869999997,14
dairy004,p2,2411.1894644110826,1
dairy004,p2,1536.8022199809425,2
dairy004,p2,1830.1351495209424,3
dairy004,p2,1513.7405841726588,4
dairy004,p2,1807.073513712659,5
dairy004,p2,2100.406443252659,6
dairy004,p2,2393.7393727926587,7
dairy004,p2,293.33292954,9
dairy004,p2,123.06433988999538,10
dairy004,p2,98.37522193063757,14
dairy004,p3,3322.5069754799997,1
dairy004,p3,3416.8939509599995,2
dairy004,p3,3292.3073388582434,3
dairy004,p3,1809.8855155056867,4
dairy004,p3,1904.2724909856868,5
dairy004,p3,421.8506676331302,6
dairy004,p3,516.2376431131302,7
dairy004,p3,94.38697547999999,10
dairy004,p3,94.38697547999999,12
dairy004,p3,188.77395095999998,13
dairy010,p2,957.21318837,1
dairy010,p2,1213.87950174,2
dairy010,p2,1063.02133806,3
dairy010,p2,1246.3544190300001,4
dairy010,p2,1429.6875000000002,5
dairy010,p2,205.75434335124623,6
dairy010,p2,389.0874243212462,7
dairy010,p2,572.4205052912462,8
dairy010,p2,12.88552636320938,12
dairy010,p3,783.1354785599999,1
dairy010,p3,865.7240821199999,2
dairy010,p3,682.1446779768348,3
dairy010,p3,306.28379370021696,4
dairy010,p3,365.275653390217,5
dairy010,p3,424.267513080217,6
dairy010,p3,483.259372770217,7
dairy010,p3,58.99185969,12
dairy010,p3,117.98371938,13
dairy010,p3,176.97557906999998,14
dairy014,p2,146.40000000000003,1
dairy014,p2,146.40000000000003,2
dairy014,p2,146.40000000000003,3
dairy014,p2,2.6721951086641837,4
dairy014,p2,146.40000000000003,5
dairy014,p2,146.40000000000003,7
dairy014,p2,146.40000000000003,8
dairy014,p2,0.3564163129033773,12
dairy014,p3,118.92948774,1
dairy014,p3,146.40000000000003,2
dairy014,p3,47.193487739999995,4
dairy014,p3,94.38697547999999,5
dairy014,p3,47.193487739999995,7
dairy014,p3,94.38697547999999,8
dairy014,p3,99.20651226000004,9
dairy014,p3,146.40000000000003,10
dairy014,p3,47.193487739999995,12
dairy014,p3,47.193487739999995,14
dairy016,p2,3274.9006056600015,1
dairy016,p2,3714.900000000001,2
dairy016,p2,3714.900000000001,3
dairy016,p2,3269.873785240506,4
dairy016,p2,2519.383579538664,5
dairy016,p2,2035.6407495563446,6
dairy016,p2,1551.8979195740253,7
dairy016,p2,963.1438999231952,8
dairy016,p2,34.63752394998332,10
dairy016,p2,219.99969717,12
dairy016,p3,2397.24138768,1
dairy016,p3,2993.90475084,2
dairy016,p3,2423.0072188608683,3
dairy016,p3,2493.797450470868,4
dairy016,p3,1533.6962976583914,5
dairy016,p3,1110.0326684084223,6
dairy016,p3,146.29472144012897,7
dairy016,p3,217.08495305012895,8
dairy016,p3,287.8751846601289,9
dairy016,p3,70.79023160999999,12
dairy016,p3,70.79023160999999,14
dairy019,p2,469.47846476999996,1
dairy019,p2,616.14492954,2
dairy019,p2,658.8000000000001,3
dairy019,p2,432.29683608721217,4
dairy019,p2,410.2195554982427,5
dairy019,p2,505.79931261698493,6
dairy019,p2,226.50316391278795,7
dairy019,p3,370.0054877399999,1
dairy019,p3,417.19897547999994,2
dairy019,p3,464.39246321999997,3
dairy019,p3,511.58595096,4
dairy019,p3,558.7794387,5
dairy019,p3,131.70071103722066,6
dairy019,p3,178.89419877722065,7
dairy019,p3,226.08768651722065,8
dairy019,p3,47.193487739999995,13
dairy020,p2,482.92896477,1
dairy020,p2,629.5954295399999,2
dairy020,p2,246.25060569000004,3
dairy020,p2,392.91707046000005,4
dairy020,p2,539.58353523,5
dairy020,p2,686.2500000000001,6
dairy020,p2,99.58414092000004,7
dairy020,p2,246.25060569000004,8
dairy020,p2,392.91707046000005,9
dairy020,p2,539.58353523,10
dairy020,p2,686.2500000000001,11
dairy020,p2,25.58532071650366,13
dairy020,p3,383.45598773999996,1
dairy020,p3,430.64947548,2
dairy020,p3,477.84296322,3
dairy020,p3,47.193487739999995,5
dairy020,p3,94.38697547999999,6
dairy020,p3,141.58046321999998,7
dairy020,p3,100.47824900531367,8
dairy020,p3,47.193487739999995,11
dairy020,p3,47.193487739999995,13
dairy021,p2,4086.758411562129,1
dairy021,p2,5659.756246362129,2
dairy021,p2,5242.23491318282,3
dairy021,p2,4294.702291383511,4
dairy021,p2,4368.035523783511,5
dairy021,p2,3420.5029019842023,6
dairy021,p2,3206.3026040348936,7
dairy021,p2,2258.769982235585,8
dairy021,p2,2135.791433264222,9
dairy021,p2,1240.27311377204,10
dairy021,p2,292.7404919727312,11
dairy021,p2,289.8619986922191,12
dairy021,p2,363.19523109221916,13
dairy021,p3,3696.20799387,1
dairy021,p3,3719.80473774,2
dairy021,p3,3743.40148161,3
dairy021,p3,3760.7288344810713,4
dairy021,p3,2394.9513667199008,5
dairy021,p3,2418.5481105899007,6
dairy021,p3,2442.1448544599007,7
dairy021,p3,1098.6017900217362,8
dairy021,p3,23.596743869999997,11
dairy021,p3,47.193487739999995,12
dairy021,p3,70.79023160999999,13
dairy024,p2,1418.54721477,1
dairy024,p2,1565.21367954,2
dairy024,p2,1601.8802957399998,3
dairy024,p2,625.2015157142325,4
dairy024,p2,661.8681319142325,5
dairy024,p2,698.5347481142326,6
dairy024,p2,735.2013643142326,7
dairy024,p2,771.8679805142326,8
dairy024,p3,1283.679121935,1
dairy024,p3,1295.47749387,2
dairy024,p3,1307.275865805,3
dairy024,p3,1319.07423774,4
dairy024,p3,1330.872609675,5
dairy024,p3,1200.1002281581746,6
dairy024,p3,573.7539484721892,7
dairy024,p3,585.5523204071892,8
dairy024,p3,597.3506923421892,9
dairy024,p3,609.1490642771892,10
dairy024,p3,1.1368662340720448,12
dairy025,p2,1009.8430835438237,1
dairy025,p2,1428.623784464352,2
dairy025,p2,620.0891877501193,3
dairy025,p2,858.4221929901194,4
dairy025,p2,655.4818549500939,5
dairy025,p2,570.2015914742326,6
dairy025,p2,808.5345967142326,7
dairy025,p3,794.0494175700001,1
dairy025,p3,870.7388351400001,2
dairy025,p3,947.4282527100002,3
dairy025,p3,1024.11767028,4
dairy025,p3,1100.80708785,5
dairy025,p3,1177.49650542,6
dairy025,p3,467.5686010721891,7
dairy025,p3,544.2580186421891,8
dairy025,p3,620.9474362121891,9
dairy025,p3,76.68941757,12
dairy026,p2,1159.13884857,1
dairy026,p2,1269.13869714,2
dairy026,p2,1379.13854571,3
dairy026,p2,1489.13839428,4
dairy026,p2,955.2727541522319,5
dairy026,p2,446.7745063479097,6
dairy026,p2,556.7743549179097,7
dairy026,p2,22.90871479014153,8
dairy026,p2,41.44883286083028,14
dairy026,p3,1084.53411582,1
dairy026,p3,1119.92923164,2
dairy026,p3,1155.32434746,3
dairy026,p3,1190.71946328,4
dairy026,p3,1226.1145791,5
dairy026,p3,1261.50969492,6
dairy026,p3,420.61915373992906,7
dairy026,p3,456.01426955992906,8
dairy026,p3,35.39511582000001,12
dairy026,p3,35.39511582000001,14
dairy029,p2,1174.74771477,1
dairy029,p2,1321.4141795399999,2
dairy029,p2,1468.0806443099998,3
dairy029,p2,1614.7471090799997,4
dairy029,p2,953.3007718018325,5
dairy029,p2,1099.9672365718325,6
dairy029,p2,438.52089929366525,7
dairy029,p2,146.66646477,9
dairy029,p2,293.33292954,10
dairy029,p3,1075.2747377399999,1
dairy029,p3,1122.4682254799998,2
dairy029,p3,1169.6617132199997,3
dairy029,p3,898.8130330116835,4
dairy029,p3,946.0065207516835,5
dairy029,p3,357.8221782563295,6
dairy029,p3,47.193487739999995,8
dairy029,p3,47.193487739999995,11
dairy029,p3,94.38697547999999,12
dairy029,p3,47.193487739999995,14
dairy030,p2,2217.7701321000004,1
dairy030,p2,2969.4357642000004,2
dairy030,p2,2981.5169470272344,3
dairy030,p2,2263.5817519638035,4
dairy030,p2,1197.0458912565732,5
dairy030,p2,1527.045437056573,6
dairy030,p2,329.99954579999996,8
dairy030,p2,329.99954579999996,10
dairy030,p2,93.51029762956489,11
dairy030,p2,250.8086066366143,13
dairy030,p3,1743.3662405040002,1
dairy030,p3,2020.6279810080002,2
dairy030,p3,2126.813328438,3
dairy030,p3,2232.998675868,4
dairy030,p3,2339.1840232980003,5
dairy030,p3,794.4514503416286,6
dairy030,p3,900.6367977716286,7
dairy030,p3,1006.8221452016286,8
dairy030,p3,1113.0074926316286,9
dairy030,p3,106.18534743000001,11
dairy033,p2,604.4173662,1
dairy033,p2,641.0839824,2
dairy033,p2,534.0056817468667,3
dairy033,p2,570.6722979468667,4
dairy033,p2,607.3389141468667,5
dairy033,p2,36.66661620000001,7
dairy033,p2,73.33323240000001,8
dairy033,p2,36.66661620000001,10
dairy033,p2,73.33323240000001,11
dairy033,p2,36.66661620000001,13
dairy033,p3,579.5491219349999,1
dairy033,p3,591.3474938699999,2
dairy033,p3,603.1458658049999,3
dairy033,p3,614.9442377399998,4
dairy033,p3,11.798371934999999,6
dairy033,p3,23.596743869999997,7
dairy033,p3,35.395115804999996,8
dairy033,p3,11.798371934999999,10
dairy033,p3,23.596743869999997,11
dairy033,p3,35.395115804999996,12
dairy034,p2,946.97121477,1
dairy034,p2,1093.63767954,2
dairy034,p2,146.66646477,4
dairy034,p2,293.33292954,5
dairy034,p2,146.66646477,7
dairy034,p2,293.33292954,8
dairy034,p2,146.66646477,10
dairy034,p2,68.01818148638523,12
dairy034,p3,894.6917254800001,1
dairy034,p3,989.0787009600001,2
dairy034,p3,1036.2721887,3
dairy034,p3,1083.46567644,4
dairy034,p3,1130.6591641799998,5
dairy034,p3,1177.8526519199997,6
dairy034,p3,1225.0461396599997,7
dairy034,p3,1272.2396273999996,8
dairy034,p3,980.8495749357359,9
dairy034,p3,345.9388648543677,10
dairy034,p3,393.1323525943677,11
dairy034,p3,440.32584033436774,12
dairy035,p2,449.30271477,1
dairy035,p2,617.6250000000001,2
dairy035,p2,617.6250000000001,3
dairy035,p2,262.5202239008276,4
dairy035,p2,409.1866886708276,5
dairy035,p2,470.9585352300001,6
dairy035,p2,617.6250000000001,7
dairy035,p2,146.66646477,13
dairy035,p3,349.82973774000004,1
dairy035,p3,47.193487739999995,4
dairy035,p3,47.193487739999995,8
dairy035,p3,47.193487739999995,10
dairy035,p3,94.38697547999999,11
dairy035,p3,141.58046321999998,12
dairy038,p2,763.3018133700001,1
dairy038,p2,1019.9681267400001,2
dairy038,p2,219.99969717,4
dairy038,p2,219.99969717,6
dairy038,p2,219.99969717,8
dairy038,p2,219.99969717,10
dairy038,p2,13.04377259483158,11
dairy038,p3,612.820847415,1
dairy038,p3,719.00619483,2
dairy038,p3,789.79642644,3
dairy038,p3,860.58665805,4
dairy038,p3,70.79023160999999,7
dairy038,p3,141.58046321999998,8
dairy038,p3,212.37069483,9
dairy038,p3,283.16092643999997,10
dairy038,p3,70.79023160999999,12
dairy039,p2,953.52830454,1
dairy039,p2,1246.86123408,2
dairy039,p2,1161.4067428769022,3
dairy039,p2,1347.3375000000003,4
dairy039,p2,1347.3375000000003,5
dairy039,p2,859.3989771946016,6
dairy039,p2,1152.7319067346016,7
dairy039,p2,267.29133845403487,8
dairy039,p2,560.6242679940349,9
dairy039,p2,293.33292954,11
dairy039,p2,29.230239810907392,13
dairy039,p3,754.5823504800001,1
dairy039,p3,848.9693259600001,2
dairy039,p3,943.3563014400002,3
dairy039,p3,737.1228998550002,4
dairy039,p3,831.5098753350003,5
dairy039,p3,925.8968508150003,6
dairy039,p3,1020.2838262950004,7
dairy039,p3,1114.6708017750004,8
dairy039,p3,1209.0577772550005,9
dairy039,p3,505.35421606872325,10
dairy039,p3,94.38697547999999,12
dairy039,p3,188.77395095999998,13
dairy040,p2,926.27817954,1
dairy040,p2,1219.61110908,2
dairy040,p2,881.3104877315947,3
dairy040,p2,1174.6434172715947,4
dairy040,p2,211.47521947385337,5
dairy040,p2,504.8081490138534,6
dairy040,p2,798.1410785538534,7
dairy040,p2,40.803326128613776,12
dairy040,p2,210.7047358449953,13
dairy040,p3,727.33222548,1
dairy040,p3,821.7192009600001,2
dairy040,p3,916.1061764400001,3
dairy040,p3,1010.4931519200002,4
dairy040,p3,1104.8801274000002,5
dairy040,p3,1199.2671028800003,6
dairy040,p3,57.85942855380688,10
dairy040,p3,152.24640403380687,11
dairy040,p3,246.63337951380686,12
dairy040,p3,341.02035499380685,13
dairy040,p3,435.40733047380684,14
dairy041,p2,1107.73269717,1
dairy041,p2,1327.73239434,2
dairy041,p2,1547.73209151,3
dairy041,p2,1591.7003028300005,4
dairy041,p2,1811.7000000000005,5
dairy041,p2,968.9776773802369,6
dairy041,p2,120.39289483041762,8
dairy041,p2,219.99969717,12
dairy041,p3,958.52323161,1
dairy041,p3,1029.3134632200001,2
dairy041,p3,70.79023160999999,4
dairy041,p3,141.58046321999998,5
dairy041,p3,212.37069483,6
dairy041,p3,283.16092643999997,7
dairy041,p3,353.95115804999995,8
dairy041,p3,424.7413896599999,9
dairy041,p3,495.5316212699999,10
dairy041,p3,566.3218528799999,11
dairy041,p3,637.1120844899999,12
dairy042,p2,562.98744717,1
dairy042,p2,699.9750000000001,2
dairy042,p2,479.97530283000015,3
dairy042,p2,699.9750000000001,4
dairy042,p2,219.99969717,6
dairy042,p2,439.99939434,7
dairy042,p2,259.97560566000016,8
dairy042,p2,479.97530283000015,9
dairy042,p2,699.9750000000001,10
dairy042,p2,182.86442661975195,11
dairy042,p2,219.99969717,13
dairy042,p3,413.77798161,1
dairy042,p3,484.56821321999996,2
dairy042,p3,555.3584448299999,3
dairy042,p3,70.79023160999999,5
dairy042,p3,141.58046321999998,6
dairy042,p3,212.37069483,7
dairy042,p3,283.16092643999997,8
dairy042,p3,353.95115804999995,9
dairy042,p3,70.79023160999999,12
dairy042,p3,141.58046321999998,13
dairy042,p3,212.37069483,14
dairy042,p3,34.99875000000001,15
dairy043,p2,3190.4654471699996,1
dairy043,p2,3410.46514434,2
dairy043,p2,2524.4113377890317,3
dairy043,p2,2744.411034959032,4
dairy043,p2,2292.283481185337,5
dairy043,p2,2512.2831783553374,6
dairy043,p2,1140.1809274116424,7
dairy043,p2,83.02633730260379,8
dairy043,p2,303.0260344726038,9
dairy043,p2,125.39726892020064,11
dairy043,p2,345.39696609020064,12
dairy043,p2,263.4019667207658,13
dairy043,p3,3041.2559816099997,1
dairy043,p3,3112.0462132199996,2
dairy043,p3,3182.8364448299994,3
dairy043,p3,1898.0067731672416,4
dairy043,p3,1968.7970047772417,5
dairy043,p3,70.79023160999999,7
dairy043,p3,141.58046321999998,8
dairy043,p3,212.37069483,9
dairy043,p3,283.16092643999997,10
dairy043,p3,70.79023160999999,12
dairy043,p3,141.58046321999998,13
dairy043,p3,212.37069483,14
dairy046,p2,12588.761354150316,1
dairy046,p2,12845.427667490316,2
dairy046,p2,12645.30603804222,3
dairy046,p2,12901.97235138222,4
dairy046,p2,8682.23775903404,5
dairy046,p2,7445.894668048089,6
dairy046,p2,6395.265071135623,7
dairy046,p2,3342.013553519352,8
dairy046,p2,2516.297199345116,9
dairy046,p2,1326.2202137158138,10
dairy046,p2,256.66631334,13
dairy046,p3,12296.043012451737,1
dairy046,p3,11757.201427875954,2
dairy046,p3,11839.790031435954,3
dairy046,p3,10116.33148208996,4
dairy046,p3,10198.92008564996,5
dairy046,p3,10281.508689209959,6
dairy046,p3,10364.097292769959,7
dairy046,p3,8640.638743423964,8
dairy046,p3,5789.201564049954,9
dairy046,p3,5871.790167609954,10
dairy046,p3,4148.331618263958,11
dairy046,p3,3446.9170986919903,12
dairy046,p3,1723.4585493459952,13
dairy048,p2,711.1460352300003,1
dairy048,p2,857.8125000000002,2
dairy048,p2,262.41906125127116,3
dairy048,p2,146.66646477,5
dairy048,p2,293.33292954,6
dairy048,p2,417.8131056900003,7
dairy048,p2,564.4795704600003,8
dairy048,p2,711.1460352300003,9
dairy048,p2,857.8125000000002,10
dairy048,p2,815.091205898537,11
dairy048,p2,6.5547913779954,12
dairy048,p3,467.52161274,1
dairy048,p3,514.71510048,2
dairy048,p3,561.9085882200001,3
dairy048,p3,47.193487739999995,5
dairy048,p3,94.38697547999999,6
dairy048,p3,141.58046321999998,7
dairy048,p3,188.77395095999998,8
dairy048,p3,235.96743869999997,9
dairy048,p3,47.193487739999995,11
dairy048,p3,94.38697547999999,12
dairy049,p2,463.9628028300001,1
dairy049,p2,683.9625000000001,2
dairy049,p2,463.9628028300001,3
dairy049,p2,683.9625000000001,4
dairy049,p2,463.9628028300001,5
dairy049,p2,683.9625000000001,6
dairy049,p3,405.93185660999995,1
dairy049,p3,476.72208821999993,2
dairy049,p3,547.5123198299999,3
dairy049,p3,613.1722683900001,4
dairy049,p3,683.9625000000001,5
dairy049,p3,70.79023160999999,7
dairy049,p3,141.58046321999998,8
dairy049,p3,212.37069483,9
dairy049,p3,283.16092643999997,10
dairy049,p3,353.95115804999995,11
dairy049,p3,424.7413896599999,12
dairy049,p3,495.5316212699999,13
dairy050,p2,1049.59875174,1
dairy050,p2,1122.93198414,2
dairy050,p2,1067.4059430232176,3
dairy050,p2,1011.8799019064351,4
dairy050,p2,908.5375568293316,5
dairy050,p2,659.8557844678801,6
dairy050,p2,296.69905061469586,7
dairy050,p2,184.2131022923176,8
dairy050,p2,59.91728316007297,12
dairy050,p3,908.68374387,1
dairy050,p3,932.2804877399999,2
dairy050,p3,955.8772316099999,3
dairy050,p3,979.4739754799998,4
dairy050,p3,275.9385611534756,5
dairy050,p3,124.16089043482641,6
dairy050,p3,128.18092684864916,7
dairy050,p3,151.77767071864918,8
dairy053,p2,4902.2050961039995,1
dairy053,p2,5074.538192208,2
dairy053,p2,3240.7690248941954,3
dairy053,p2,3387.4354896641953,4
dairy053,p2,3534.1019544341952,5
dairy053,p2,3680.768419204195,6
dairy053,p2,1846.9992518903907,7
dairy053,p2,1993.6657166603907,8
dairy053,p2,570.456280494159,9
dairy053,p2,717.122745264159,10
dairy053,p2,146.66646477,12
dairy053,p2,293.33292954,13
dairy053,p3,4797.1227200309995,1
dairy053,p3,4864.373440062,2
dairy053,p3,4911.566927802,3
dairy053,p3,4958.7604155419995,4
dairy053,p3,5005.953903281999,5
dairy053,p3,5053.147391021999,6
dairy053,p3,5100.340878761999,7
dairy053,p3,5147.534366501999,8
dairy053,p3,4635.9657990275455,9
dairy053,p3,4683.159286767545,10
dairy053,p3,4730.352774507545,11
dairy053,p3,2237.8267154159685,12
dairy053,p3,47.193487739999995,14
dairy056,p2,4700.773098569999,1
dairy056,p2,4810.772947139999,2
dairy056,p2,4920.772795709999,3
dairy056,p2,3050.3370121961943,4
dairy056,p2,3160.336860766194,5
dairy056,p2,1289.9010772523898,6
dairy056,p2,1399.9009258223898,7
dairy056,p2,1509.9007743923898,8
dairy056,p2,1619.90062296239,9
dairy056,p2,109.99984857,12
dairy056,p2,32.855110124714585,13
dairy056,p3,4626.168365819999,1
dairy056,p3,4661.563481639999,2
dairy056,p3,2890.9114445540035,3
dairy056,p3,2926.3065603740038,4
dairy056,p3,2961.701676194004,5
dairy056,p3,2997.096792014004,6
dairy056,p3,1226.4447549280094,7
dairy056,p3,1261.8398707480094,8
dairy056,p3,1297.2349865680094,9
dairy056,p3,1332.6301023880094,10
dairy056,p3,1368.0252182080094,11
dairy056,p3,381.37630425398265,12
dairy056,p3,416.77142007398265,13
dairy056,p3,452.16653589398265,14
dairy057,p2,3899.83232217,1
dairy057,p2,4119.83201934,2
dairy057,p2,3328.191939650522,3
dairy057,p2,1685.0428542886139,4
dairy057,p2,1905.0425514586138,5
dairy057,p2,2125.042248628614,6
dairy057,p2,2345.0419457986136,7
dairy057,p2,1398.5585682367057,8
dairy057,p2,67.82991274804044,9
dairy057,p2,287.82960991804043,10
dairy057,p3,3664.0018363745603,1
dairy057,p3,3648.1710477491206,2
dairy057,p3,3632.3402591236813,3
dairy057,p3,3616.509470498242,4
dairy057,p3,3600.678681872803,5
dairy057,p3,3584.8478932473636,6
dairy057,p3,1538.8921191195589,7
dairy057,p3,1523.0613304941194,8
dairy057,p3,1593.8515621041195,9
dairy057,p3,476.30515812211183,10
dairy058,p2,2070.9940458,1
dairy058,p2,1894.0547473221154,2
dairy058,p2,1598.545251558873,3
dairy058,p2,703.3309894540682,4
dairy058,p2,562.6647915632545,5
dairy058,p2,421.9985936724409,6
dairy058,p2,281.33239578162727,7
dairy058,p2,140.66619789081363,8
dairy058,p2,329.99954579999996,10
dairy058,p2,58.86294561521879,12
dairy058,p3,1847.17984743,1
dairy058,p3,1953.3651948600002,2
dairy058,p3,2059.55054229,3
dairy058,p3,2165.73588972,4
dairy058,p3,1995.3515830760448,5
dairy058,p3,2101.536930506045,6
dairy058,p3,1115.069359136258,7
dairy058,p3,1221.2547065662582,8
dairy058,p3,234.7871351964712,9
dairy058,p3,340.9724826264712,10
dairy058,p3,106.18534743000001,13
dairy064,p2,1150.3174559699999,1
dairy064,p2,1284.0005369399998,2
dairy064,p2,1320.6671531399998,3
dairy064,p2,1357.3337693399997,4
dairy064,p2,1394.0003855399996,5
dairy064,p2,1430.6670017399995,6
dairy064,p2,1467.3336179399994,7
dairy064,p2,407.99059578931997,8
dairy064,p2,444.65721198932,9
dairy064,p2,481.32382818932,10
dairy064,p2,36.66661620000001,14
dairy064,p3,976.3262346749999,1
dairy064,p3,1035.31809435,2
dairy064,p3,1047.116466285,3
dairy064,p3,1058.9148382199999,4
dairy064,p3,1070.7132101549998,5
dairy064,p3,1082.5115820899998,6
dairy064,p3,1094.3099540249998,7
dairy064,p3,1106.1083259599998,8
dairy064,p3,1117.9066978949998,9
dairy064,p3,1129.7050698299997,10
dairy064,p3,1141.5034417649997,11
dairy064,p3,1153.3018136999997,12
dairy064,p3,1165.1001856349997,13
dairy066,p2,1504.18181334,1
dairy066,p2,1843.8602710199998,2
dairy066,p2,2100.52658436,3
dairy066,p2,2357.1928977,4
dairy066,p2,2545.9500000000003,5
dairy066,p2,2545.9500000000003,6
dairy066,p2,1634.6996851181189,7
dairy066,p2,1891.3659984581188,8
dairy066,p2,930.4656835762371,9
dairy066,p2,1187.131996916237,10
dairy066,p2,1443.798310256237,11
dairy066,p2,958.9099002199662,12
dairy066,p2,256.66631334,14
dairy066,p3,1330.1041035599999,1
dairy066,p3,1412.6927071199998,2
dairy066,p3,1495.2813106799997,3
dairy066,p3,1577.8699142399996,4
dairy066,p3,1660.4585177999995,5
dairy066,p3,435.2845862987483,6
dairy066,p3,517.8731898587483,7
dairy066,p3,600.4617934187484,8
dairy066,p3,683.0503969787484,9
dairy066,p3,765.6390005387484,10
dairy066,p3,43.64097993161786,11
dairy066,p3,126.22958349161787,12
dairy066,p3,208.81818705161788,13
dairy067,p2,49.65000000000001,2
dairy067,p2,49.65000000000001,3
dairy067,p2,49.65000000000001,5
dairy067,p2,49.65000000000001,6
dairy067,p2,49.65000000000001,10
dairy067,p3,49.65000000000001,1
dairy067,p3,49.65000000000001,2
dairy067,p3,49.65000000000001,3
dairy067,p3,2.456512260000018,4
dairy067,p3,49.65000000000001,5
dairy067,p3,49.65000000000001,6
dairy067,p3,49.65000000000001,7
dairy067,p3,2.456512260000018,10
dairy067,p3,49.65000000000001,11
dairy067,p3,47.193487739999995,13
dairy078,p2,31.875000000000007,3
dairy078,p2,31.875000000000007,5
dairy078,p2,31.875000000000007,6
dairy078,p2,31.875000000000007,11
dairy078,p2,31.875000000000007,12
dairy078,p2,31.875000000000007,14
dairy078,p3,31.875000000000007,2
dairy078,p3,31.875000000000007,6
dairy078,p3,31.875000000000007,11
dairy078,p3,31.875000000000007,12
dairy082,p2,2156.87169717,1
dairy082,p2,2376.87139434,2
dairy082,p2,1467.1536946117537,3
dairy082,p2,557.4359948835074,4
dairy082,p2,777.4356920535074,5
dairy082,p2,997.4353892235074,6
dairy082,p2,87.71768949526108,7
dairy082,p2,307.7173866652611,8
dairy082,p2,527.7170838352611,9
dairy082,p2,70.56484377916115,10
dairy082,p2,219.99969717,13
dairy082,p3,2007.6622316100002,1
dairy082,p3,2078.45246322,2
dairy082,p3,2149.24269483,3
dairy082,p3,2220.0329264399998,4
dairy082,p3,753.3045788703714,5
dairy082,p3,824.0948104803714,6
dairy082,p3,894.8850420903714,7
dairy082,p3,965.6752737003713,8
dairy082,p3,385.497075015469,9
dairy082,p3,456.287306625469,10
dairy091,p2,216.19376268,1
dairy091,p2,336.45000000000005,2
dairy091,p2,42.988915419466785,3
dairy091,p2,94.32217809946678,4
dairy091,p2,145.65544077946677,5
dairy091,p2,196.98870345946676,6
dairy091,p2,248.32196613946675,7
dairy091,p2,299.65522881946674,8
dairy091,p2,0.4132681287170925,9
dairy091,p2,51.74653080871709,10
dairy091,p2,103.07979348871709,11
dairy091,p2,154.41305616871708,12
dairy091,p2,134.25163339869454,13
dairy091,p2,185.58489607869453,14
dairy091,p3,275.56587214555327,1
dairy091,p3,336.45000000000005,2
dairy091,p3,187.79051361900002,3
dairy091,p3,204.30823432800003,4
dairy091,p3,220.82595503700003,5
dairy091,p3,237.34367574600003,6
dairy091,p3,253.86139645500003,7
dairy091,p3,270.37911716400004,8
dairy091,p3,286.89683787300004,9
dairy091,p3,303.41455858200004,10
dairy091,p3,319.93227929100004,11
dairy091,p3,336.45000000000005,12
dairy091,p3,16.517720709000002,14
dairy094,p2,5064.86954574,1
dairy094,p2,5394.86909148,2
dairy094,p2,5309.835820867195,3
dairy094,p2,4762.56944214412,4
dairy094,p2,4032.8602162351826,5
dairy094,p2,3485.5938375121077,6
dairy094,p2,2938.327458789033,7
dairy094,p2,2391.061080065958,8
dairy094,p2,1860.4640592280475,9
dairy094,p2,425.56649191027043,10
dairy094,p2,36.66661620000001,12
dairy094,p2,73.33323240000001,13
dairy094,p3,4841.055347415,1
dairy094,p3,4947.24069483,2
dairy094,p3,4519.985277639487,3
dairy094,p3,4531.783649574488,4
dairy094,p3,4543.582021509488,5
dairy094,p3,2819.9726273892684,6
dairy094,p3,2831.7709993242684,7
dairy094,p3,2843.5693712592683,8
dairy094,p3,2855.3677431942683,9
dairy094,p3,2867.1661151292683,10
dairy094,p3,1205.8744665116276,11
dairy094,p3,1217.6728384466276,12
dairy094,p3,1229.4712103816275,13
dairy095,p2,2925.59566365,1
dairy095,p2,3805.5944523,2
dairy095,p2,4098.92738184,3
dairy095,p2,3117.140536846299,4
dairy095,p2,2451.532749301765,5
dairy095,p2,2744.8656788417647,6
dairy095,p2,1763.0788338480638,7
dairy095,p2,2056.4117633880637,8
dairy095,p2,1107.701637328135,9
dairy095,p2,1401.0345668681348,10
dairy095,p2,1694.3674964081347,11
dairy095,p2,965.6570675182054,12
dairy095,p2,16.946941458276456,13
dairy095,p2,310.27987099827646,14
dairy095,p3,2328.7578014399996,1
dairy095,p3,2611.9187278799996,2
dairy095,p3,1409.9517264302929,3
dairy095,p3,1504.338701910293,4
dairy095,p3,1598.725677390293,5
dairy095,p3,1693.112652870293,6
dairy095,p3,1787.499628350293,7
dairy095,p3,146.4788377750731,8
dairy095,p3,240.86581325507308,9
dairy095,p3,335.25278873507307,10
dairy095,p3,429.63976421507306,11
dairy095,p3,524.026739695073,12
dairy095,p3,618.4137151750731,13
dairy095,p3,712.8006906550731,14
dairy098,p2,772.26881334,1
dairy098,p2,1052.2500000000002,2
dairy098,p2,713.8469110959968,3
dairy098,p2,543.1788165859808,4
dairy098,p2,576.5555269018967,5
dairy098,p2,833.2218402418966,6
dairy098,p2,866.5985505578125,7
dairy098,p2,853.1290235937163,8
dairy098,p2,828.4364988053213,9
dairy098,p2,528.6289036654625,10
dairy098,p2,228.82130852560374,11
dairy098,p2,115.2457595393389,12
dairy098,p2,184.86675774050548,14
dairy098,p3,598.19110356,1
dairy098,p3,680.77970712,2
dairy098,p3,763.36831068,3
dairy098,p3,433.43452871388695,4
dairy098,p3,164.75657484611304,5
dairy098,p3,247.34517840611306,6
dairy098,p3,329.9337819661131,7
dairy098,p3,82.58860356000001,10
dairy098,p3,165.17720712000002,11
dairy098,p3,247.76581068000002,12
dairy098,p3,330.35441424000004,13
dairy099,p2,3205.0536397191713,1
dairy099,p2,3000.0794314783425,2
dairy099,p2,2147.1499657568525,3
dairy099,p2,2265.4554676244697,4
dairy099,p2,2558.7883971644696,5
dairy099,p2,1705.8589314429798,6
dairy099,p2,852.9294657214899,7
dairy099,p2,241.90484958697868,11
dairy099,p2,241.90484958697868,13
dairy099,p3,3412.17697548,1
dairy099,p3,3506.5639509599996,2
dairy099,p3,3600.9509264399994,3
dairy099,p3,2373.510149672259,4
dairy099,p3,907.8611956637596,5
dairy099,p3,1002.2481711437597,6
dairy099,p3,1096.6351466237597,7
dairy099,p3,1191.0221221037598,8
dairy099,p3,94.38697547999999,10
dairy099,p3,34.187689858342594,11
dairy099,p3,128.57466533834258,12
dairy099,p3,222.96164081834257,13
dairy099,p3,317.34861629834256,14
dairy104,p2,12002.323318287,1
dairy104,p2,12134.323136574001,2
dairy104,p2,10948.388573071914,3
dairy104,p2,9462.34445514905,4
dairy104,p2,8406.488396341776,5
dairy104,p2,7768.281562130513,6
dairy104,p2,6980.394712848868,7
dairy104,p2,6342.187878637605,8
dairy104,p2,4475.126688938567,9
dairy104,p2,3851.6149233650885,10
dairy104,p2,3228.10315779161,11
dairy104,p2,2610.5415269554233,12
dairy104,p2,1170.065601766381,13
dairy104,p2,552.5039709301946,14
dairy104,p3,11912.797638981001,1
dairy104,p3,11955.271777962002,2
dairy104,p3,10836.78046217809,3
dairy104,p3,10872.17557799809,4
dairy104,p3,9571.672452399212,5
dairy104,p3,8453.181136615302,6
dairy104,p3,7538.400770786184,7
dairy104,p3,6419.909455002273,8
dairy104,p3,6455.304570822273,9
dairy104,p3,5037.3988857974555,10
dairy104,p3,3918.9075700135445,11
dairy104,p3,2501.001884988728,12
dairy104,p3,2536.397000808728,13
dairy104,p3,1118.491315783911,14
dairy109,p2,2477.065903645351,1
dairy109,p2,2917.065297985351,2
dairy109,p2,2320.5352182019465,3
dairy109,p2,2576.2809679506104,4
dairy109,p2,2390.4635563690003,5
dairy109,p2,2646.2093061176643,6
dairy109,p2,2460.391894536054,7
dairy109,p2,1863.8618147526495,8
dairy109,p2,1715.6315829623754,9
dairy109,p2,1365.1113979709212,10
dairy109,p2,1658.444327510921,11
dairy109,p2,1099.5014275188526,12
dairy109,p2,540.5585275267841,13
dairy109,p3,2175.263955673989,1
dairy109,p3,2293.247675023989,2
dairy109,p3,2387.6346505039887,3
dairy109,p3,1322.0944388050593,4
dairy109,p3,1416.4814142850594,5
dairy109,p3,759.3031778718359,6
dairy109,p3,853.690153351836,7
dairy109,p3,948.077128831836,8
dairy109,p3,1042.464104311836,9
dairy109,p3,1065.5402116989294,10
dairy109,p3,94.38697547999999,12
dairy109,p3,188.77395095999998,13
dairy109,p3,283.16092643999997,14
dairy111,p2,25.200000000000006,1
dairy111,p2,25.200000000000006,2
dairy111,p2,25.200000000000006,4
dairy111,p2,25.200000000000006,6
dairy111,p2,25.200000000000006,7
dairy111,p2,25.200000000000006,8
dairy111,p2,25.200000000000006,11
dairy111,p2,25.200000000000006,12
dairy111,p3,19.25068933200014,1
dairy111,p3,25.200000000000006,2
dairy111,p3,25.200000000000006,4
dairy111,p3,25.200000000000006,5
dairy111,p3,25.200000000000006,6
dairy111,p3,25.200000000000006,8
dairy111,p3,25.200000000000006,14
dairy112,p2,142.98587538441683,1
dairy112,p2,187.35000000000002,2
dairy112,p2,187.35000000000002,3
dairy112,p2,187.35000000000002,4
dairy112,p2,170.86583662944446,5
dairy112,p2,50.143876458620525,6
dairy112,p2,187.35000000000002,13
dairy112,p3,116.55976839000003,1
dairy112,p3,187.35000000000002,2
dairy112,p3,187.35000000000002,3
dairy112,p3,103.4874661839018,4
dairy112,p3,116.55976839000003,5
dairy112,p3,187.35000000000002,6
dairy112,p3,167.7250676321964,7
dairy112,p3,83.8625338160982,8
dairy112,p3,70.79023160999999,12
dairy112,p3,141.58046321999998,13
dairy112,p3,187.35000000000002,14
dairy116,p2,382.4834595300001,1
dairy116,p2,474.1500000000001,2
dairy116,p2,7.823281361933368,3
dairy116,p2,99.48982183193337,4
dairy116,p2,191.15636230193337,5
dairy116,p2,282.8229027719334,6
dairy116,p2,374.4894432419334,7
dairy116,p2,466.15598371193335,8
dairy116,p2,91.66654047,11
dairy116,p2,91.66654047,13
dairy116,p2,183.33308094,14
dairy116,p3,332.619661464,1
dairy116,p3,474.1500000000001,2
dairy116,p3,29.495929839000006,4
dairy116,p3,58.99185967800001,5
dairy116,p3,88.48778951700001,6
dairy116,p3,117.98371935600002,7
dairy116,p3,147.47964919500004,8
dairy116,p3,29.495929839000006,10
dairy116,p3,29.495929839000006,12
dairy116,p3,58.99185967800001,13
dairy116,p3,88.48778951700001,14
dairy124,p2,1144.3993133699998,1
dairy124,p2,1401.06562674,2
dairy124,p2,1621.06532391,3
dairy124,p2,1811.7000000000005,4
dairy124,p2,1076.906725813265,5
dairy124,p2,1296.906422983265,6
dairy124,p2,1516.906120153265,7
dairy124,p2,1736.905817323265,8
dairy124,p2,881.4156648031742,9
dairy124,p2,898.444143832859,10
dairy124,p2,22.11535909935577,14
dairy124,p3,970.321603545,1
dairy124,p3,1052.91020709,2
dairy124,p3,1123.7004387000002,3
dairy124,p3,70.79023160999999,5
dairy124,p3,141.58046321999998,6
dairy124,p3,212.37069483,7
dairy124,p3,283.16092643999997,8
dairy124,p3,353.95115804999995,9
dairy124,p3,424.7413896599999,10
dairy124,p3,495.5316212699999,11
dairy124,p3,566.3218528799999,12
dairy124,p3,637.1120844899999,13
dairy125,p2,1537.81084857,1
dairy125,p2,1647.81069714,2
dairy125,p2,1544.2245308766226,3
dairy125,p2,1654.2243794466226,4
dairy125,p2,1276.1613016665324,5
dairy125,p2,256.4437533382861,6
dairy125,p2,366.4436019082861,7
dairy125,p2,476.4434504782861,8
dairy125,p2,109.99984857,11
dairy125,p2,62.341867041575185,14
dairy125,p3,1463.20611582,1
dairy125,p3,1498.60123164,2
dairy125,p3,1317.8009486990097,3
dairy125,p3,35.39511582000001,5
dairy125,p3,70.79023164000002,6
dairy125,p3,106.18534746000003,7
dairy125,p3,141.58046328000003,8
dairy125,p3,176.97557910000003,9
dairy125,p3,212.37069492000003,10
dairy125,p3,247.76581074000003,11
dairy125,p3,283.16092656000006,12
dairy125,p3,318.55604238000006,13
dairy127,p2,2381.208302162838,1
dairy127,p2,1732.1586043256766,2
dairy127,p2,1642.1889184438037,3
dairy127,p2,1715.5221508438037,4
dairy127,p2,1487.7504390422605,5
dairy127,p2,1561.0836714422605,6
dairy127,p2,1634.4169038422606,7
dairy127,p2,1707.7501362422606,8
dairy127,p2,1781.0833686422607,9
dairy127,p2,1476.5018572429224,10
dairy127,p2,1549.8350896429224,11
dairy127,p2,623.9201965517437,12
dairy127,p2,52.74502518880837,14
dairy127,p3,3053.8547438699998,1
dairy127,p3,3077.4514877399997,2
dairy127,p3,3101.0482316099997,3
dairy127,p3,2847.2802541261926,4
dairy127,p3,2651.3309333168695,5
dairy127,p3,2455.3816125075464,6
dairy127,p3,2259.4322916982233,7
dairy127,p3,2063.4829708889,8
dairy127,p3,41.49184413184548,9
dairy127,p3,65.08858800184548,10
dairy127,p3,23.596743869999997,12
dairy127,p3,47.193487739999995,13
dairy128,p2,229.64908150543113,1
dairy128,p2,73.33323240000001,3
dairy128,p2,126.24382597290098,4
dairy128,p2,73.33323240000001,6
dairy128,p2,146.66646480000003,7
dairy128,p2,219.99969720000004,8
dairy128,p2,73.33323240000001,10
dairy128,p3,1041.7526852879998,1
dairy128,p3,1098.384870576,2
dairy128,p3,1121.9816144459999,3
dairy128,p3,1011.563845911621,4
dairy128,p3,1035.160589781621,5
dairy128,p3,1058.757333651621,6
dairy128,p3,1082.3540775216209,7
dairy128,p3,23.596743869999997,12
dairy128,p3,47.193487739999995,13
dairy128,p3,70.79023160999999,14
dairy129,p2,923.5049471699999,1
dairy129,p2,1143.50464434,2
dairy129,p2,719.3283497001104,3
dairy129,p2,511.1092620220859,4
dairy129,p2,536.1331444208441,5
dairy129,p2,212.66380526448313,6
dairy129,p2,359.33027003448314,7
dairy129,p2,208.0710895620544,8
dairy129,p2,138.7791825270968,11
dairy129,p2,74.24877019924418,13
dairy129,p2,44.30368420193179,14
dairy129,p3,750.69873774,1
dairy129,p3,797.89222548,2
dairy129,p3,845.08571322,3
dairy129,p3,892.27920096,4
dairy129,p3,542.4801005949294,5
dairy129,p3,589.6735883349294,6
dairy129,p3,47.193487739999995,8
dairy129,p3,74.12544388421253,9
dairy129,p3,121.31893162421252,10
dairy129,p3,47.193487739999995,12
dairy129,p3,94.38697547999999,13
dairy134,p2,2677.6652024040004,1
dairy134,p2,3135.9979048080004,2
dairy134,p2,3039.2412536042616,3
dairy134,p2,2649.1516728635224,4
dairy134,p2,2259.0620921227837,5
dairy134,p2,1868.9725113820448,6
dairy134,p2,1478.8829306413058,7
dairy134,p2,1133.6021260282166,8
dairy134,p2,743.5125452874778,9
dairy134,p2,371.7562726437389,10
dairy134,p3,2360.912963214,1
dairy134,p3,2502.4934264279996,2
dairy134,p3,1673.4012571679286,3
dairy134,p3,844.3090879078578,4
dairy134,p3,891.5025756478578,5
dairy134,p3,62.41040638778702,6
dairy134,p3,109.60389412778702,7
dairy134,p3,156.797381867787,8
dairy134,p3,47.193487739999995,12
dairy134,p3,47.193487739999995,14
dairy135,p2,2883.19869717,1
dairy135,p2,3103.19839434,2
dairy135,p2,3323.1980915100003,3
dairy135,p2,1892.4525389102255,4
dairy135,p2,1506.857977406018,5
dairy135,p2,918.7448725278509,6
dairy135,p2,1138.744569697851,7
dairy135,p2,1091.0100527556992,8
dairy135,p2,668.039582593756,9
dairy135,p2,114.02009414187796,10
dairy135,p2,24.57251937817179,14
dairy135,p3,2733.98923161,1
dairy135,p3,2804.77946322,2
dairy135,p3,2173.4430126989423,3
dairy135,p3,2244.233244308942,4
dairy135,p3,2315.023475918942,5
dairy135,p3,2385.813707528942,6
dairy135,p3,2456.6039391389418,7
dairy135,p3,70.79023160999999,9
dairy146,p2,4232.332243106999,1
dairy146,p2,5145.3309862139995,2
dairy146,p2,5438.663915753999,3
dairy146,p2,4754.3937003990395,4
dairy146,p2,4070.1234850440796,5
dairy146,p2,3385.8532696891198,6
dairy146,p2,2701.58305433416,7
dairy146,p2,2017.3128389792,8
dairy146,p2,2310.6457685192,9
dairy146,p2,1719.37089579652,10
dairy146,p2,2012.70382533652,11
dairy146,p2,1351.1014432719228,12
dairy146,p2,661.6023820645971,13
dairy146,p3,3589.516217318999,1
dairy146,p3,3859.698934637999,2
dairy146,p3,2654.441603021435,3
dairy146,p3,2748.828578501435,4
dairy146,p3,2843.215553981435,5
dairy146,p3,2937.6025294614346,6
dairy146,p3,3031.9895049414345,7
dairy146,p3,3126.3764804214343,8
dairy146,p3,1890.2687653998082,9
dairy146,p3,1858.091285497535,10
dairy146,p3,621.9835704759089,11
dairy146,p3,716.3705459559089,12
dairy146,p3,810.757521435909,13
dairy146,p3,905.144496915909,14
beef38,p1,31551.6190377,1
beef38,p1,32821.679075399996,2
beef38,p1,30283.566381007135,3
beef38,p1,26694.160872819746,4
beef38,p1,24471.48720723772,5
beef38,p1,21114.51416724874,6
beef38,p1,18078.277741456386,7
beef38,p1,15011.194941235626,8
beef38,p1,11420.112208669538,9
beef38,p1,9072.480148751009,10
beef38,p1,6544.578042922548,11
beef38,p1,4761.29411730115,12
beef38,p1,2258.609534923477,13
beef38,p1,475.3256093020799,14
dairy002,p2,2840.9136443999996,1
dairy002,p2,3280.9130387999994,2
dairy002,p2,3720.912433199999,3
dairy002,p2,3152.728168363201,4
dairy002,p2,1248.3946257637037,5
dairy002,p2,734.4480239517886,6
dairy002,p2,166.26375911499053,7
dairy002,p2,1242.9796641660434,8
dairy002,p2,681.9149355316802,9
dairy002,p2,464.68653552741944,13
dairy002,p3,2542.49471322,1
dairy002,p3,2684.07517644,2
dairy002,p3,1467.8204284091996,3
dairy002,p3,1609.4008916291996,4
dairy002,p3,1750.9813548491995,5
dairy002,p3,1892.5618180691995,6
dairy002,p3,457.33348245664274,7
dairy002,p3,598.9139456766427,8
dairy002,p3,740.4944088966427,9
dairy002,p3,882.0748721166426,10
dairy002,p3,687.0470540723766,11
dairy002,p3,38.57929487474689,12
dairy002,p3,180.15975809474688,13
dairy002,p3,321.74022131474686,14
dairy012,p2,17600.430033796587,1
dairy012,p2,20107.56156759317,2
dairy012,p2,18581.373287871447,3
dairy012,p2,17055.185008149725,4
dairy012,p2,15528.996728428005,5
dairy012,p2,14002.808448706284,6
dairy012,p2,12476.620168984564,7
dairy012,p2,10950.431889262843,8
dairy012,p2,9157.129678330324,9
dairy012,p2,7630.941398608604,10
dairy012,p2,6104.7531188868825,11
dairy012,p2,4578.564839165162,12
dairy012,p2,3052.3765594434417,13
dairy012,p2,1526.1882797217208,14
dairy012,p3,2638.908462503272,1
dairy012,p3,1707.8954672065634,2
dairy012,p3,1642.7960105896882,3
dairy012,p3,1343.703734538998,4
dairy012,p3,1044.611458488308,5
dairy012,p3,745.519182437618,6
dairy012,p3,446.42690638692795,7
dairy012,p3,147.33463033623786,8
dairy012,p3,721.4528481999996,10
dairy012,p3,1442.9056963999992,11
dairy012,p3,2164.358544599999,12
dairy012,p3,2885.8113927999984,13
dairy012,p3,3607.264240999998,14
dairy012,p3,1540.1325000000006,15
dairy013,p2,4083.7958592000005,1
dairy013,p2,4670.461718400001,2
dairy013,p2,5257.127577600001,3
dairy013,p2,4762.552537465005,4
dairy013,p2,3529.529717096547,5
dairy013,p2,2296.5068967280886,6
dairy013,p2,1063.4840763596303,7
dairy013,p2,356.8500000000001,15
dairy013,p3,3595.1673238146445,1
dairy013,p3,3693.204647629289,2
dairy013,p3,3681.9785985892886,3
dairy013,p3,2800.9471340402165,4
dairy013,p3,1485.0629255245265,5
dairy013,p3,1473.8368764845263,6
dairy013,p3,157.9526679688363,7
dairy013,p3,146.7266189288361,8
dairy013,p3,40.757911497439935,13
dairy013,p3,168.0760490400001,14
dairy013,p3,356.8500000000001,15
dairy017,p2,35.925000000000004,1
dairy017,p2,35.925000000000004,2
dairy017,p2,35.925000000000004,3
dairy017,p2,35.925000000000004,5
dairy017,p2,35.925000000000004,6
dairy017,p2,35.925000000000004,7
dairy017,p3,35.925000000000004,1
dairy017,p3,35.925000000000004,2
dairy017,p3,35.925000000000004,3
dairy017,p3,35.925000000000004,7
dairy031,p2,900.2026619999999,1
dairy031,p2,1088.8500000000001,2
dairy031,p2,1088.8500000000001,3
dairy031,p2,658.978738707423,4
dairy031,p2,1088.8500000000001,5
dairy031,p2,724.0982454044909,6
dairy031,p2,44.436153515219246,7
dairy031,p2,366.666162,10
dairy031,p2,142.9107886366745,11
dairy031,p3,508.88108812678547,1
dairy031,p3,117.98371935,4
dairy031,p3,117.98371935,6
dairy031,p3,117.98371935,8
dairy031,p3,117.98371935,10
dairy031,p3,235.9674387,11
dairy031,p3,59.79531409419735,14
dairy044,p2,10104.644412,1
dairy044,p2,10471.310574,2
dairy044,p2,9173.031173055928,3
dairy044,p2,7874.7517721118575,4
dairy044,p2,6576.472371167787,5
dairy044,p2,5278.192970223717,6
dairy044,p2,3979.9135692796463,7
dairy044,p2,2681.634168335576,8
dairy044,p2,1383.3547673915057,9
dairy044,p2,1335.1358910367096,10
dairy044,p2,1428.5299636738382,11
dairy044,p2,1071.3974727553787,12
dairy044,p2,447.82089101075996,13
dairy044,p2,42.156977944379605,14
dairy044,p3,8022.842041077711,1
dairy044,p3,6307.705832155421,2
dairy044,p3,4568.610252363804,3
dairy044,p3,2944.280632565744,4
dairy044,p3,1182.8419181332647,5
dairy044,p3,330.4366280596846,6
dairy044,p3,248.42034740968444,7
dairy044,p3,166.40406675968427,8
dairy044,p3,84.3877861096841,9
dairy044,p3,32.75494575530661,10
dairy044,p3,150.7386651053066,11
dairy044,p3,268.7223844553066,12
dairy044,p3,386.7061038053066,13
dairy044,p3,504.6898231553066,14
dairy045,p2,3396.5794857,1
dairy045,p2,4496.5779714,2
dairy045,p2,3648.076984553514,3
dairy045,p2,2691.1510922262823,4
dairy045,p2,1499.919780049451,5
dairy045,p2,456.84576948079894,7
dairy045,p2,315.5240527857993,8
dairy045,p2,391.38832467581324,10
dairy045,p3,2331.03071116325,1
dairy045,p3,2365.4804223265005,2
dairy045,p3,2365.06775969974,3
dairy045,p3,2135.883850381365,4
dairy045,p3,2135.471187754604,5
dairy045,p3,2135.0585251278435,6
dairy045,p3,1626.7586343203864,7
dairy045,p3,88.82739251399741,8
dairy045,p3,153.95115819999984,10
dairy045,p3,353.9511582,14
dairy047,p2,415.39074430626897,1
dairy047,p2,672.5250000000001,2
dairy047,p2,672.5250000000001,3
dairy047,p2,236.044847281207,5
dairy047,p2,672.5250000000001,6
dairy047,p2,12.912326974616974,14
dairy047,p3,316.29675579999986,3
dairy047,p3,632.5935115999997,4
dairy047,p3,39.931488400000376,6
dairy047,p3,356.22824420000023,7
dairy047,p3,672.5250000000001,8
dairy047,p3,316.29675579999986,11
dairy047,p3,672.5250000000001,12
dairy047,p3,78.91178478356483,13
dairy054,p2,4832.478835989686,1
dairy054,p2,5345.811462789686,2
dairy054,p2,5859.144089589686,3
dairy054,p2,4392.589309584863,4
dairy054,p2,4584.301653098071,5
dairy054,p2,3117.746873093249,6
dairy054,p2,2039.676963252974,7
dairy054,p2,573.1221832481514,8
dairy054,p2,513.3326268,12
dairy054,p2,1026.6652536,13
dairy054,p2,770.0836017642727,14
dairy054,p3,4341.55745709,1
dairy054,p3,4506.7346641799995,2
dairy054,p3,4671.911871269999,3
dairy054,p3,4837.089078359999,4
dairy054,p3,3196.2191325440035,5
dairy054,p3,1555.3491867280084,6
dairy054,p3,1720.5263938180083,7
dairy054,p3,1885.7036009080082,8
dairy054,p3,2050.880807998008,9
dairy054,p3,410.01086218201294,10
dairy054,p3,575.1880692720129,11
dairy054,p3,740.3652763620128,12
dairy054,p3,905.5424834520127,13
dairy054,p3,1070.7196905420126,14
dairy068,p2,1964.3893944,1
dairy068,p2,2404.3887888,2
dairy068,p2,2331.8376529977827,3
dairy068,p2,2151.419764219014,4
dairy068,p2,1607.2510912974283,5
dairy068,p2,2047.2504856974283,6
dairy068,p2,1503.0818127758425,7
dairy068,p2,1943.0812071758426,8
dairy068,p2,2383.0806015758426,9
dairy068,p2,1985.900501313202,10
dairy068,p2,1588.7204010505616,11
dairy068,p2,1044.5517281289758,12
dairy068,p2,550.1624904794645,13
dairy068,p2,334.184997694521,14
dairy068,p3,1665.9704632199998,1
dairy068,p3,1807.5509264399998,2
dairy068,p3,843.1805682683789,3
dairy068,p3,710.013573389662,4
dairy068,p3,851.594036609662,5
dairy068,p3,657.612687861621,6
dairy068,p3,799.193151081621,7
dairy068,p3,940.7736143016209,8
dairy068,p3,141.58046321999998,12
dairy068,p3,227.22169293348085,13
dairy072,p2,4086.5910159,1
dairy072,p2,4801.5900318,2
dairy072,p2,3919.0413211295518,3
dairy072,p2,3815.7747606948246,4
dairy072,p2,3174.936054865138,5
dairy072,p2,2292.3873441946894,6
dairy072,p2,1409.8386335242408,7
dairy072,p2,527.2899228537921,8
dairy072,p2,135.1992492556315,11
dairy072,p3,3696.04722822,1
dairy072,p3,3994.8024707948553,2
dairy072,p3,3132.217804735068,3
dairy072,p3,2269.633138675281,4
dairy072,p3,1683.6181266894494,5
dairy072,p3,821.0334606296624,6
dairy072,p3,1051.1017133696623,7
dairy072,p3,188.51704730987544,8
dairy072,p3,418.5853000498754,9
dairy072,p3,90.86314165054006,13
dairy072,p3,84.50279817471701,14
dairy086,p2,13605.102056347676,1
dairy086,p2,15932.698852147676,2
dairy086,p2,14628.843647085283,3
dairy086,p2,13237.64923905894,4
dairy086,p2,10656.338170449022,5
dairy086,p2,8075.027101839104,6
dairy086,p2,6540.956964399937,7
dairy086,p2,3959.64589579002,8
dairy086,p2,2425.575758350852,9
dairy086,p2,1980.8367680566716,10
dairy086,p2,1206.1850648730806,11
dairy086,p2,739.2169986490159,12
dairy086,p2,603.0925324365403,13
dairy086,p2,136.12446621247557,14
dairy086,p3,12039.476156670002,1
dairy086,p3,12764.840063340002,2
dairy086,p3,13466.607226140002,3
dairy086,p3,13032.140752196767,4
dairy086,p3,9931.119821647628,5
dairy086,p3,9496.653347704392,6
dairy086,p3,7525.097082813108,7
dairy086,p3,4424.076152263968,8
dairy086,p3,3989.6096783207313,9
dairy086,p3,2191.5897899814454,10
dairy086,p3,1757.123316038209,11
dairy086,p3,200.64464598767245,12
dairy086,p3,902.4118087876724,13
dairy089,p2,5642.456626769999,1
dairy089,p2,6155.789253539999,2
dairy089,p2,4563.160093715927,3
dairy089,p2,4929.826255715927,4
dairy089,p2,5296.492417715926,5
dairy089,p2,3703.8632578918555,6
dairy089,p2,2518.580592385536,7
dairy089,p2,2885.246754385536,8
dairy089,p2,1292.617594561465,9
dairy089,p2,366.666162,11
dairy089,p2,733.332324,12
dairy089,p2,361.402911943141,13
dairy089,p2,728.069073943141,14
dairy089,p3,5294.3012070899995,1
dairy089,p3,5459.478414179999,2
dairy089,p3,5577.462133529999,3
dairy089,p3,3028.8913962740958,4
dairy089,p3,3146.875115624096,5
dairy089,p3,3264.8588349740958,6
dairy089,p3,3382.8425543240955,7
dairy089,p3,3500.8262736740953,8
dairy089,p3,3618.809993024095,9
dairy089,p3,3736.793712374095,10
dairy089,p3,1521.2754799796576,11
dairy089,p3,1639.2591993296576,12
dairy089,p3,579.4642608067647,13
dairy126,p2,4064.9091443999996,1
dairy126,p2,4504.908538799999,2
dairy126,p2,4944.907933199999,3
dairy126,p2,4903.8081646764695,4
dairy126,p2,5343.807559076469,5
dairy126,p2,3893.9979135358526,6
dairy126,p2,2914.081347079435,7
dairy126,p2,3354.080741479435,8
dairy126,p2,2374.1641750230174,9
dairy126,p2,2454.638168731846,10
dairy126,p2,2396.41451251231,11
dairy126,p2,1521.1101016733485,12
dairy126,p2,1240.2106800959682,13
dairy126,p2,770.3348593914616,14
dairy126,p3,3766.49021322,1
dairy126,p3,3908.07067644,2
dairy126,p3,4049.6511396600004,3
dairy126,p3,4191.2316028800005,4
dairy126,p3,4332.8120661,5
dairy126,p3,4474.39252932,6
dairy126,p3,4615.97299254,7
dairy126,p3,2563.1057621845157,8
dairy126,p3,2704.686225404516,9
dairy126,p3,396.2363279112715,10
dairy126,p3,410.6758082454787,11
dairy126,p3,552.2562714654787,12
