To,Latitude,Longitude
n57,43.1757011,-89.5598984
n56,43.1817017,-89.5662003
n57,43.1757011,-89.5598984
n58,43.1832008,-89.5538025
n57,43.1757011,-89.5598984
n89,43.1744995,-89.5409012
n57,43.1757011,-89.5598984
n92,43.1785011,-89.5472031
n57,43.1757011,-89.5598984
n193,43.1864014,-89.5758972
n64,43.1405983,-89.5477982
n63,43.1534996,-89.5519028
n64,43.1405983,-89.5477982
n65,43.1389008,-89.5539017
n64,43.1405983,-89.5477982
n75,43.1408997,-89.5356979
n64,43.1405983,-89.5477982
n177,43.1393013,-89.5586014
n66,43.1297989,-89.5431976
n69,43.1242981,-89.5355988
n71,43.1263008,-89.5169983
n70,43.1228981,-89.5306015
n72,43.1293983,-89.4878998
n82,43.1371994,-89.4744034
n72,43.1293983,-89.4878998
n188,43.1282997,-89.4730988
n73,43.1360016,-89.4901962
n74,43.1399994,-89.5052032
n77,43.1553993,-89.5304031
n63,43.1534996,-89.5519028
n77,43.1553993,-89.5304031
n76,43.1486015,-89.5262985
n77,43.1553993,-89.5304031
n78,43.1519012,-89.5138016
n77,43.1553993,-89.5304031
n87,43.1660995,-89.5354004
n80,43.1484985,-89.4857025
n79,43.1489983,-89.4925003
n80,43.1484985,-89.4857025
n81,43.1576004,-89.4906998
n80,43.1484985,-89.4857025
n190,43.1599007,-89.5000992
n85,43.1629982,-89.520401
n78,43.1519012,-89.5138016
n85,43.1629982,-89.520401
n88,43.1707001,-89.5366974
n86,43.1762009,-89.5140991
n90,43.1773987,-89.5261993
n86,43.1762009,-89.5140991
n91,43.1804008,-89.5279007
n86,43.1762009,-89.5140991
n178,43.1792984,-89.5178986
n94,43.1913986,-89.5082016
n93,43.1908989,-89.5143967
n94,43.1913986,-89.5082016
n138,43.1985016,-89.5158997
n95,43.1767998,-89.4833984
n83,43.1633987,-89.4853973
n95,43.1767998,-89.4833984
n84,43.1635017,-89.490303
n95,43.1767998,-89.4833984
n96,43.1801987,-89.4834976
n95,43.1767998,-89.4833984
n179,43.178299,-89.4965973
n95,43.1767998,-89.4833984
n191,43.1641006,-89.4777985
n95,43.1767998,-89.4833984
n192,43.169899,-89.4971008
n99,43.2186012,-89.5201035
n116,43.2232018,-89.507103
n99,43.2186012,-89.5201035
n117,43.2308006,-89.5151978
n99,43.2186012,-89.5201035
n120,43.2237015,-89.5258026
n99,43.2186012,-89.5201035
n121,43.2249985,-89.547699
n99,43.2186012,-89.5201035
n180,43.2064018,-89.5212021
n102,43.2139015,-89.4787979
n101,43.2192993,-89.4787979
n102,43.2139015,-89.4787979
n137,43.2061996,-89.4910965
n106,43.2074013,-89.4147034
n103,43.2144012,-89.4497986
n106,43.2074013,-89.4147034
n104,43.2071991,-89.4354019
n106,43.2074013,-89.4147034
n105,43.2075005,-89.4244995
n106,43.2074013,-89.4147034
n203,43.2033997,-89.414299
n109,43.2242012,-89.4461975
n101,43.2192993,-89.4787979
n109,43.2242012,-89.4461975
n108,43.2275009,-89.4402008
n109,43.2242012,-89.4461975
n110,43.2290001,-89.4532013
n109,43.2242012,-89.4461975
n111,43.2265015,-89.4605026
n109,43.2242012,-89.4461975
n112,43.2305984,-89.4702988
n113,43.2271996,-89.4910965
n114,43.2233009,-89.4953003
n113,43.2271996,-89.4910965
n115,43.223999,-89.4994965
n113,43.2271996,-89.4910965
n183,43.232399,-89.5010986
n123,43.2421989,-89.5285034
n118,43.2331009,-89.5223999
n123,43.2421989,-89.5285034
n119,43.2299995,-89.5406036
n123,43.2421989,-89.5285034
n122,43.2361984,-89.5394974
n123,43.2421989,-89.5285034
n124,43.2396011,-89.5149002
n127,43.2405014,-89.4778976
n125,43.2425995,-89.5072021
n127,43.2405014,-89.4778976
n126,43.2416,-89.4819031
n127,43.2405014,-89.4778976
n128,43.2389984,-89.4828033
n127,43.2405014,-89.4778976
n135,43.2509995,-89.4849014
n127,43.2405014,-89.4778976
n183,43.232399,-89.5010986
n127,43.2405014,-89.4778976
n195,43.2470016,-89.5035019
n160,43.2456017,-89.4372025
n129,43.2363014,-89.4637985
n160,43.2456017,-89.4372025
n130,43.2495995,-89.4677963
n160,43.2456017,-89.4372025
n131,43.2509995,-89.4654007
n160,43.2456017,-89.4372025
n139,43.2391014,-89.4505005
n160,43.2456017,-89.4372025
n140,43.2495995,-89.4573975
n181,43.2025986,-89.5406036
n98,43.2167015,-89.5633011
n181,43.2025986,-89.5406036
n121,43.2249985,-89.547699
n181,43.2025986,-89.5406036
n175,43.1925011,-89.5501022
n181,43.2025986,-89.5406036
n176,43.196701,-89.530899
n181,43.2025986,-89.5406036
n194,43.2069016,-89.5643997
n204,43.2921,-89.3664
n142,43.2717018,-89.4229965
n205,43.292,-89.3733
n144,43.2882004,-89.450798
n207,43.2917,-89.4049
n144,43.2882004,-89.450798
n208,43.2912,-89.431
n144,43.2882004,-89.450798
n210,43.2903,-89.4184
n144,43.2882004,-89.450798
n211,43.2913,-89.4116
n144,43.2882004,-89.450798
n212,43.2869,-89.4166
n144,43.2882004,-89.450798
n215,43.2876,-89.4397
n144,43.2882004,-89.450798
n216,43.2879,-89.4681
n144,43.2882004,-89.450798
n217,43.2851,-89.4133
n144,43.2882004,-89.450798
n219,43.2781,-89.2769
n150,43.2755013,-89.2863998
n220,43.2872,-89.4341
n144,43.2882004,-89.450798
n222,43.2799,-89.3299
n147,43.2733994,-89.3263016
n224,43.2773,-89.2925
n148,43.2765999,-89.3035965
n225,43.2848,-89.4398
n144,43.2882004,-89.450798
n226,43.284,-89.4335
n144,43.2882004,-89.450798
n228,43.2779,-89.2723
n150,43.2755013,-89.2863998
n233,43.279,-89.3206
n147,43.2733994,-89.3263016
n234,43.2758,-89.295
n148,43.2765999,-89.3035965
n237,43.2824,-89.4428
n144,43.2882004,-89.450798
n238,43.2816,-89.434
n144,43.2882004,-89.450798
n241,43.2756,-89.3388
n142,43.2717018,-89.4229965
n248,43.2736,-89.2701
n151,43.2748985,-89.2835007
n250,43.2827,-89.4632
n144,43.2882004,-89.450798
n251,43.2839,-89.4579
n144,43.2882004,-89.450798
n253,43.2828,-89.467
n133,43.2668991,-89.4732971
n255,43.2834,-89.4712
n133,43.2668991,-89.4732971
n257,43.2722,-89.2969
n148,43.2765999,-89.3035965
n258,43.2711,-89.2685
n151,43.2748985,-89.2835007
n263,43.2699,-89.2605
n151,43.2748985,-89.2835007
n266,43.273,-89.3402
n142,43.2717018,-89.4229965
n267,43.2683,-89.2677
n151,43.2748985,-89.2835007
n268,43.2785,-89.4699
n133,43.2668991,-89.4732971
n269,43.2727,-89.3457
n142,43.2717018,-89.4229965
n272,43.275,-89.3309
n147,43.2733994,-89.3263016
n274,43.272,-89.2787
n151,43.2748985,-89.2835007
n276,43.2692,-89.2873
n150,43.2755013,-89.2863998
n277,43.278,-89.4581
n133,43.2668991,-89.4732971
n277,43.278,-89.4581
n134,43.2714996,-89.461998
n277,43.278,-89.4581
n143,43.2831001,-89.4509964
n278,43.2779,-89.4406
n143,43.2831001,-89.4509964
n278,43.2779,-89.4406
n144,43.2882004,-89.450798
n281,43.2666,-89.2663
n151,43.2748985,-89.2835007
n282,43.2772,-89.4723
n133,43.2668991,-89.4732971
n283,43.2696,-89.2998
n148,43.2765999,-89.3035965
n290,43.2747,-89.4491
n143,43.2831001,-89.4509964
n293,43.2751,-89.4567
n134,43.2714996,-89.461998
n294,43.2723,-89.3129
n147,43.2733994,-89.3263016
n294,43.2723,-89.3129
n199,43.277401,-89.3097992
n298,43.273,-89.4492
n132,43.2639999,-89.4701004
n300,43.2653,-89.3023
n148,43.2765999,-89.3035965
n305,43.2642,-89.2602
n151,43.2748985,-89.2835007
n305,43.2642,-89.2602
n174,43.2677994,-89.2730026
n306,43.2731,-89.4567
n134,43.2714996,-89.461998
n308,43.2671,-89.3319
n147,43.2733994,-89.3263016
n309,43.2743,-89.4668
n133,43.2668991,-89.4732971
n313,43.2734,-89.4365
n143,43.2831001,-89.4509964
n317,43.2654,-89.311
n147,43.2733994,-89.3263016
n320,43.2652,-89.3162
n147,43.2733994,-89.3263016
n321,43.262,-89.2622
n174,43.2677994,-89.2730026
n322,43.2662,-89.3366
n146,43.2602005,-89.4029999
n322,43.2662,-89.3366
n186,43.2700005,-89.346199
n326,43.2665,-89.3409
n142,43.2717018,-89.4229965
n326,43.2665,-89.3409
n146,43.2602005,-89.4029999
n327,43.2643,-89.2871
n149,43.2681999,-89.2957993
n327,43.2643,-89.2871
n150,43.2755013,-89.2863998
n328,43.2704,-89.4507
n132,43.2639999,-89.4701004
n330,43.262,-89.2967
n149,43.2681999,-89.2957993
n334,43.2642,-89.3269
n147,43.2733994,-89.3263016
n335,43.2614,-89.292
n149,43.2681999,-89.2957993
n340,43.2647,-89.3454
n146,43.2602005,-89.4029999
n341,43.2636,-89.3049
n147,43.2733994,-89.3263016
n341,43.2636,-89.3049
n148,43.2765999,-89.3035965
n342,43.2605,-89.3016
n148,43.2765999,-89.3035965
n344,43.2618,-89.3129
n147,43.2733994,-89.3263016
n345,43.2695,-89.4665
n133,43.2668991,-89.4732971
n348,43.2676,-89.4542
n132,43.2639999,-89.4701004
n352,43.2594,-89.3129
n159,43.2537994,-89.3167038
n353,43.2592,-89.3042
n159,43.2537994,-89.3167038
n354,43.2612,-89.3298
n146,43.2602005,-89.4029999
n354,43.2612,-89.3298
n147,43.2733994,-89.3263016
n354,43.2612,-89.3298
n152,43.2481003,-89.392601
n355,43.2584,-89.2771
n170,43.2550011,-89.2838974
n356,43.2661,-89.4333
n196,43.2565994,-89.441803
n357,43.2611,-89.3366
n146,43.2602005,-89.4029999
n358,43.2697,-89.4424
n145,43.2545013,-89.4505997
n360,43.2667,-89.4502
n132,43.2639999,-89.4701004
n361,43.2685,-89.448
n132,43.2639999,-89.4701004
n366,43.2607,-89.3404
n146,43.2602005,-89.4029999
n367,43.2682,-89.461
n132,43.2639999,-89.4701004
n368,43.269,-89.4566
n132,43.2639999,-89.4701004
n370,43.2601,-89.3213
n147,43.2733994,-89.3263016
n372,43.2574,-89.3041
n159,43.2537994,-89.3167038
n383,43.2572,-89.2632
n150,43.2755013,-89.2863998
n383,43.2572,-89.2632
n170,43.2550011,-89.2838974
n383,43.2572,-89.2632
n174,43.2677994,-89.2730026
n385,43.2624,-89.4356
n196,43.2565994,-89.441803
n389,43.2578,-89.3423
n152,43.2481003,-89.392601
n391,43.2631,-89.442
n145,43.2545013,-89.4505997
n391,43.2631,-89.442
n196,43.2565994,-89.441803
n394,43.2571,-89.2738
n170,43.2550011,-89.2838974
n397,43.2552,-89.3065
n159,43.2537994,-89.3167038
n398,43.2618,-89.2818
n150,43.2755013,-89.2863998
n401,43.2543,-89.2918
n200,43.2498016,-89.2911987
n403,43.2571,-89.2955
n149,43.2681999,-89.2957993
n403,43.2571,-89.2955
n159,43.2537994,-89.3167038
n403,43.2571,-89.2955
n200,43.2498016,-89.2911987
n405,43.2606,-89.4412
n196,43.2565994,-89.441803
n406,43.2533,-89.3064
n159,43.2537994,-89.3167038
n407,43.2516,-89.2525
n172,43.2490005,-89.2640991
n407,43.2516,-89.2525
n173,43.25,-89.254097
n415,43.2549,-89.3595
n152,43.2481003,-89.392601
n421,43.25,-89.288
n200,43.2498016,-89.2911987
n424,43.2477,-89.2576
n172,43.2490005,-89.2640991
n426,43.2508,-89.3194
n158,43.2388,-89.3188019
n431,43.2492,-89.3128
n158,43.2388,-89.3188019
n433,43.2473,-89.2521
n172,43.2490005,-89.2640991
n437,43.2494,-89.2782
n200,43.2498016,-89.2911987
n438,43.2493,-89.282
n200,43.2498016,-89.2911987
n439,43.2501,-89.3257
n158,43.2388,-89.3188019
n439,43.2501,-89.3257
n185,43.2369003,-89.3796005
n441,43.2452,-89.2595
n172,43.2490005,-89.2640991
n444,43.2501,-89.3036
n158,43.2388,-89.3188019
n447,43.2488,-89.3083
n158,43.2388,-89.3188019
n452,43.2469,-89.315
n158,43.2388,-89.3188019
n457,43.2442,-89.2776
n201,43.2346001,-89.3013
n460,43.2462,-89.3211
n158,43.2388,-89.3188019
n462,43.2481,-89.3793
n152,43.2481003,-89.392601
n463,43.2474,-89.2699
n170,43.2550011,-89.2838974
n463,43.2474,-89.2699
n171,43.2389984,-89.2774963
n463,43.2474,-89.2699
n172,43.2490005,-89.2640991
n465,43.2419,-89.2799
n201,43.2346001,-89.3013
n469,43.2438,-89.3109
n158,43.2388,-89.3188019
n470,43.2436,-89.3041
n158,43.2388,-89.3188019
n472,43.2429,-89.321
n158,43.2388,-89.3188019
n474,43.2396,-89.2512
n166,43.2318993,-89.2662964
n475,43.2406,-89.2611
n166,43.2318993,-89.2662964
n475,43.2406,-89.2611
n171,43.2389984,-89.2774963
n477,43.2404,-89.2667
n171,43.2389984,-89.2774963
n481,43.2378,-89.2497
n164,43.2246017,-89.2434998
n486,43.2417,-89.2849
n201,43.2346001,-89.3013
n492,43.2446,-89.3693
n152,43.2481003,-89.392601
n492,43.2446,-89.3693
n156,43.2327003,-89.4228973
n492,43.2446,-89.3693
n185,43.2369003,-89.3796005
n493,43.24,-89.3012
n201,43.2346001,-89.3013
n494,43.2363,-89.2397
n164,43.2246017,-89.2434998
n500,43.2366,-89.2606
n166,43.2318993,-89.2662964
n501,43.2368,-89.2565
n166,43.2318993,-89.2662964
n507,43.2355,-89.2521
n164,43.2246017,-89.2434998
n509,43.2414,-89.3756
n185,43.2369003,-89.3796005
n510,43.2405,-89.3693
n185,43.2369003,-89.3796005
n522,43.233,-89.2427
n164,43.2246017,-89.2434998
n525,43.2363,-89.3132
n158,43.2388,-89.3188019
n530,43.2357,-89.282
n201,43.2346001,-89.3013
n540,43.2302,-89.2387
n164,43.2246017,-89.2434998
n541,43.2372,-89.3727
n185,43.2369003,-89.3796005
n543,43.2344,-89.2864
n201,43.2346001,-89.3013
n546,43.2348,-89.2913
n201,43.2346001,-89.3013
n551,43.2296,-89.2435
n164,43.2246017,-89.2434998
n554,43.2337,-89.3064
n158,43.2388,-89.3188019
n558,43.2327,-89.3109
n158,43.2388,-89.3188019
n559,43.2342,-89.3164
n158,43.2388,-89.3188019
n560,43.2307,-89.2528
n164,43.2246017,-89.2434998
n566,43.2324,-89.2608
n166,43.2318993,-89.2662964
n567,43.2291,-89.2471
n164,43.2246017,-89.2434998
n577,43.23,-89.3061
n158,43.2388,-89.3188019
n577,43.23,-89.3061
n201,43.2346001,-89.3013
n579,43.2293,-89.2852
n169,43.2263985,-89.2979965
n583,43.229,-89.2886
n169,43.2263985,-89.2979965
n584,43.2294,-89.2936
n169,43.2263985,-89.2979965
n593,43.2329,-89.2748
n201,43.2346001,-89.3013
n596,43.2263,-89.2517
n163,43.2235985,-89.2497025
n598,43.2259,-89.2592
n165,43.2246017,-89.2553024
n606,43.2277,-89.2821
n169,43.2263985,-89.2979965
n617,43.2312,-89.3757
n107,43.225399,-89.4225998
n617,43.2312,-89.3757
n198,43.2331009,-89.3785019
n628,43.2253,-89.291
n169,43.2263985,-89.2979965
n637,43.2221,-89.2871
n169,43.2263985,-89.2979965
n647,43.2202,-89.243
n164,43.2246017,-89.2434998
n653,43.2201,-89.2524
n163,43.2235985,-89.2497025
n655,43.2209,-89.2595
n165,43.2246017,-89.2553024
n655,43.2209,-89.2595
n167,43.2172012,-89.2781982
n655,43.2209,-89.2595
n168,43.2223015,-89.2819977
n660,43.225,-89.2681
n168,43.2223015,-89.2819977
n662,43.2208,-89.3026
n169,43.2263985,-89.2979965
n672,43.2206,-89.308
n161,43.2153015,-89.3125
n674,43.2247,-89.3771
n155,43.2200012,-89.4132004
n674,43.2247,-89.3771
n157,43.2249985,-89.4007034
n676,43.2286,-89.3883
n107,43.225399,-89.4225998
n676,43.2286,-89.3883
n157,43.2249985,-89.4007034
n677,43.219,-89.2885
n169,43.2263985,-89.2979965
n678,43.2194,-89.2951
n169,43.2263985,-89.2979965
n678,43.2194,-89.2951
n202,43.2226982,-89.2975998
n682,43.2174,-89.3019
n169,43.2263985,-89.2979965
n687,43.2155,-89.2445
n164,43.2246017,-89.2434998
n689,43.2159,-89.2569
n167,43.2172012,-89.2781982
n693,43.2127,-89.2283
n164,43.2246017,-89.2434998
n697,43.2161,-89.2621
n167,43.2172012,-89.2781982
n704,43.2143,-89.2402
n164,43.2246017,-89.2434998
n707,43.2199,-89.3844
n154,43.2190018,-89.4064026
n707,43.2199,-89.3844
n155,43.2200012,-89.4132004
n708,43.215,-89.251
n163,43.2235985,-89.2497025
n708,43.215,-89.251
n164,43.2246017,-89.2434998
n713,43.2145,-89.2665
n167,43.2172012,-89.2781982
n717,43.2146,-89.2839
n167,43.2172012,-89.2781982
n722,43.2106,-89.2282
n164,43.2246017,-89.2434998
n724,43.2143,-89.2907
n169,43.2263985,-89.2979965
n725,43.2125,-89.247
n164,43.2246017,-89.2434998
n729,43.2118,-89.2555
n167,43.2172012,-89.2781982
n735,43.2139,-89.2757
n167,43.2172012,-89.2781982
n737,43.2112,-89.2675
n167,43.2172012,-89.2781982
n738,43.2112,-89.2596
n167,43.2172012,-89.2781982
n740,43.2111,-89.2624
n167,43.2172012,-89.2781982
n742,43.2185,-89.3732
n154,43.2190018,-89.4064026
n749,43.2157,-89.3694
n154,43.2190018,-89.4064026
n754,43.2167,-89.3868
n154,43.2190018,-89.4064026
n755,43.2079,-89.2233
n164,43.2246017,-89.2434998
n761,43.208,-89.2512
n164,43.2246017,-89.2434998
n761,43.208,-89.2512
n167,43.2172012,-89.2781982
n762,43.2248,-89.5783
n97,43.2262993,-89.5859985
n768,43.2075,-89.2421
n164,43.2246017,-89.2434998
n772,43.2229,-89.5568
n121,43.2249985,-89.547699
n782,43.2231,-89.5734
n97,43.2262993,-89.5859985
n788,43.2117,-89.3103
n161,43.2153015,-89.3125
n792,43.2227,-89.5856
n97,43.2262993,-89.5859985
n793,43.2217,-89.5657
n97,43.2262993,-89.5859985
n794,43.2195,-89.5445
n121,43.2249985,-89.547699
n795,43.2103,-89.3655
n154,43.2190018,-89.4064026
n796,43.211,-89.3605
n184,43.214901,-89.3760986
n797,43.2093,-89.3147
n161,43.2153015,-89.3125
n797,43.2093,-89.3147
n184,43.214901,-89.3760986
n800,43.2059,-89.3105
n161,43.2153015,-89.3125
n801,43.2208,-89.5801
n97,43.2262993,-89.5859985
n806,43.2047,-89.2987
n187,43.2038994,-89.292099
n807,43.2044,-89.2906
n187,43.2038994,-89.292099
n808,43.2183,-89.572
n97,43.2262993,-89.5859985
n816,43.2031,-89.3013
n187,43.2038994,-89.292099
n824,43.2019,-89.2973
n187,43.2038994,-89.292099
n826,43.2035,-89.2718
n167,43.2172012,-89.2781982
n826,43.2035,-89.2718
n187,43.2038994,-89.292099
n831,43.2037,-89.3283
n154,43.2190018,-89.4064026
n832,43.2156,-89.5753
n62,43.2117996,-89.5792007
n832,43.2156,-89.5753
n182,43.2169991,-89.5840988
n833,43.215,-89.5722
n62,43.2117996,-89.5792007
n838,43.2041,-89.3562
n197,43.2088013,-89.3968964
n841,43.2165,-89.5825
n182,43.2169991,-89.5840988
n842,43.2145,-89.5797
n182,43.2169991,-89.5840988
n843,43.2159,-89.5778
n182,43.2169991,-89.5840988
n847,43.2013,-89.3255
n154,43.2190018,-89.4064026
n852,43.2021,-89.3057
n184,43.214901,-89.3760986
n853,43.2004,-89.3019
n187,43.2038994,-89.292099
n857,43.2136,-89.5978
n97,43.2262993,-89.5859985
n866,43.2124,-89.5575
n98,43.2167015,-89.5633011
n868,43.2188,-89.554
n121,43.2249985,-89.547699
n876,43.2008,-89.3121
n154,43.2190018,-89.4064026
n876,43.2008,-89.3121
n162,43.1935005,-89.3290024
n876,43.2008,-89.3121
n184,43.214901,-89.3760986
n877,43.2116,-89.5737
n62,43.2117996,-89.5792007
n879,43.2024,-89.3187
n184,43.214901,-89.3760986
n881,43.1972,-89.306
n162,43.1935005,-89.3290024
n882,43.2112,-89.5871
n182,43.2169991,-89.5840988
n883,43.1987,-89.329
n197,43.2088013,-89.3968964
n887,43.2032,-89.3589
n197,43.2088013,-89.3968964
n895,43.2111,-89.5978
n97,43.2262993,-89.5859985
n895,43.2111,-89.5978
n182,43.2169991,-89.5840988
n900,43.1967,-89.3157
n162,43.1935005,-89.3290024
n904,43.1963,-89.3214
n162,43.1935005,-89.3290024
n910,43.2068,-89.5715
n62,43.2117996,-89.5792007
n913,43.207,-89.5791
n62,43.2117996,-89.5792007
n914,43.1976,-89.3518
n153,43.1949005,-89.3887024
n914,43.1976,-89.3518
n197,43.2088013,-89.3968964
n915,43.2108,-89.5921
n182,43.2169991,-89.5840988
n916,43.2093,-89.5951
n182,43.2169991,-89.5840988
n917,43.209,-89.5889
n182,43.2169991,-89.5840988
n921,43.1923,-89.2902
n187,43.2038994,-89.292099
n922,43.2072,-89.5914
n182,43.2169991,-89.5840988
n930,43.2047,-89.5681
n62,43.2117996,-89.5792007
n937,43.2039,-89.5745
n62,43.2117996,-89.5792007
n944,43.2034,-89.5643
n194,43.2069016,-89.5643997
n949,43.2008,-89.5686
n62,43.2117996,-89.5792007
n955,43.1898,-89.3305
n153,43.1949005,-89.3887024
n960,43.1909,-89.365
n153,43.1949005,-89.3887024
n961,43.188,-89.3327
n153,43.1949005,-89.3887024
n962,43.1912,-89.3179
n162,43.1935005,-89.3290024
n963,43.2026,-89.5833
n60,43.2052002,-89.5856018
n963,43.2026,-89.5833
n62,43.2117996,-89.5792007
n964,43.2009,-89.5784
n62,43.2117996,-89.5792007
n965,43.1999,-89.574
n62,43.2117996,-89.5792007
n970,43.1875,-89.2995
n162,43.1935005,-89.3290024
n971,43.2014,-89.5962
n60,43.2052002,-89.5856018
n971,43.2014,-89.5962
n61,43.2067986,-89.5863037
n978,43.1998,-89.5919
n60,43.2052002,-89.5856018
n981,43.1977,-89.5683
n62,43.2117996,-89.5792007
n984,43.1913,-89.3797
n153,43.1949005,-89.3887024
n987,43.187,-89.3785
n153,43.1949005,-89.3887024
n994,43.1861,-89.3386
n153,43.1949005,-89.3887024
n996,43.1956,-89.577
n62,43.2117996,-89.5792007
n1021,43.1943,-89.5881
n60,43.2052002,-89.5856018
n1028,43.1774,-89.3315
n153,43.1949005,-89.3887024
n1029,43.1899,-89.5818
n193,43.1864014,-89.5758972
n1031,43.1771,-89.3399
n153,43.1949005,-89.3887024
n1045,43.1756,-89.3847
n136,43.1721001,-89.4093018
n1046,43.1759,-89.3778
n136,43.1721001,-89.4093018
n1047,43.1721,-89.3301
n153,43.1949005,-89.3887024
n1050,43.1713,-89.3276
n153,43.1949005,-89.3887024
n1065,43.1696,-89.3319
n189,43.1525993,-89.471199
n1093,43.1697,-89.388
n136,43.1721001,-89.4093018
n1093,43.1697,-89.388
n189,43.1525993,-89.471199
n1093,43.1697,-89.388
n191,43.1641006,-89.4777985
n1112,43.1648,-89.3931
n189,43.1525993,-89.471199
n1134,43.1619,-89.4005
n189,43.1525993,-89.471199
n1157,43.1569,-89.3993
n189,43.1525993,-89.471199
