#node,latitude,longitude,P amount,P-limit,P limit modified,P excess,DE compare,indicator,log10(indicator)
n1,43.1702003,-89.5497971,0.0,0,1.0,0.0,0.0,1.0,0.0
n2,43.1697998,-89.5447998,0.0,0,1.0,0.0,0.0,1.0,0.0
n3,43.1987991,-89.5868988,0.0,0,1.0,0.0,0.0,1.0,0.0
n4,43.153801,-89.5569992,0.0,0,1.0,0.0,0.0,1.0,0.0
n5,43.1529999,-89.5457001,0.0,0,1.0,0.0,0.0,1.0,0.0
n6,43.1259995,-89.5635986,0.0,0,1.0,0.0,0.0,1.0,0.0
n7,43.1259995,-89.574501,0.0,0,1.0,0.0,0.0,1.0,0.0
n8,43.1226006,-89.5328979,0.0,0,1.0,0.0,0.0,1.0,0.0
n9,43.148201,-89.4681015,0.0,0,1.0,0.0,0.0,1.0,0.0
n10,43.1609993,-89.4651031,0.0,0,1.0,0.0,0.0,1.0,0.0
n11,43.1478004,-89.4598999,0.0,0,1.0,0.0,0.0,1.0,0.0
n12,43.1488991,-89.4518967,0.0,0,1.0,0.0,0.0,1.0,0.0
n13,43.1666985,-89.4717026,0.0,0,1.0,0.0,0.0,1.0,0.0
n14,43.1696014,-89.5307007,0.0,0,1.0,0.0,0.0,1.0,0.0
n15,43.1780014,-89.4785995,0.0,0,1.0,0.0,0.0,1.0,0.0
n16,43.2196999,-89.441803,0.0,0,1.0,0.0,0.0,1.0,0.0
n17,43.2248001,-89.5178986,0.0,0,1.0,0.0,0.0,1.0,0.0
n18,43.2354012,-89.5203018,0.0,0,1.0,0.0,0.0,1.0,0.0
n19,43.1635017,-89.4608002,0.0,0,1.0,0.0,0.0,1.0,0.0
n20,43.1959991,-89.4356003,0.0,0,1.0,0.0,0.0,1.0,0.0
n21,43.1968002,-89.5034027,0.0,0,1.0,0.0,0.0,1.0,0.0
n22,43.2714996,-89.3850021,0.0,0,1.0,0.0,0.0,1.0,0.0
n23,43.273201,-89.382103,0.0,0,1.0,0.0,0.0,1.0,0.0
n24,43.2653999,-89.4016037,0.0,0,1.0,0.0,0.0,1.0,0.0
n25,43.277401,-89.3796005,0.0,0,1.0,0.0,0.0,1.0,0.0
n26,43.2748985,-89.3725967,0.0,0,1.0,0.0,0.0,1.0,0.0
n27,43.283699,-89.4039001,0.0,0,1.0,0.0,0.0,1.0,0.0
n28,43.2056999,-89.3778992,0.0,0,1.0,0.0,0.0,1.0,0.0
n29,43.2350006,-89.3892975,0.0,0,1.0,0.0,0.0,1.0,0.0
n30,43.2285004,-89.3223038,0.0,0,1.0,0.0,0.0,1.0,0.0
n31,43.2387009,-89.3114014,0.0,0,1.0,0.0,0.0,1.0,0.0
n32,43.1954994,-89.3641968,0.0,0,1.0,0.0,0.0,1.0,0.0
n33,43.2100983,-89.2738037,0.0,0,1.0,0.0,0.0,1.0,0.0
n34,43.2444992,-89.3010025,0.0,0,1.0,0.0,0.0,1.0,0.0
n35,43.2033997,-89.5521011,0.0,0,1.0,0.0,0.0,1.0,0.0
n36,43.1949997,-89.5595016,0.0,0,1.0,0.0,0.0,1.0,0.0
n37,43.1955986,-89.5334015,0.0,0,1.0,0.0,0.0,1.0,0.0
n38,43.2266006,-89.3581009,0.0,0,1.0,0.0,0.0,1.0,0.0
n39,43.1903,-89.4852982,0.0,0,1.0,0.0,0.0,1.0,0.0
n40,43.2108994,-89.5988007,0.0,0,1.0,0.0,0.0,1.0,0.0
n41,43.2613983,-89.4776001,0.0,0,1.0,0.0,0.0,1.0,0.0
n42,43.2691994,-89.4738998,0.0,0,1.0,0.0,0.0,1.0,0.0
n43,43.2001991,-89.3651962,0.0,0,1.0,0.0,0.0,1.0,0.0
n44,43.1855011,-89.3672028,0.0,0,1.0,0.0,0.0,1.0,0.0
n45,43.2596016,-89.3796005,0.0,0,1.0,0.0,0.0,1.0,0.0
n46,43.2755013,-89.3908997,0.0,0,1.0,0.0,0.0,1.0,0.0
n47,43.2813988,-89.3864975,0.0,0,1.0,0.0,0.0,1.0,0.0
n48,43.263401,-89.2769012,0.0,0,1.0,0.0,0.0,1.0,0.0
n49,43.2681999,-89.2759018,0.0,0,1.0,0.0,0.0,1.0,0.0
n50,43.2667999,-89.2598038,0.0,0,1.0,0.0,0.0,1.0,0.0
n51,43.2683983,-89.2522964,0.0,0,1.0,0.0,0.0,1.0,0.0
n52,43.2522011,-89.2656021,0.0,0,1.0,0.0,0.0,1.0,0.0
n53,43.2472,-89.300499,0.0,0,1.0,0.0,0.0,1.0,0.0
n54,43.2389984,-89.2916031,0.0,0,1.0,0.0,0.0,1.0,0.0
n55,43.2113991,-89.2805023,0.0,0,1.0,0.0,0.0,1.0,0.0
n56,43.1817017,-89.5662003,0.0,0,1.0,0.0,0.0,1.0,0.0
n57,43.1757011,-89.5598984,0.0,0,1.0,0.0,0.0,1.0,0.0
n58,43.1832008,-89.5538025,0.0,0,1.0,0.0,0.0,1.0,0.0
n59,43.1701012,-89.5677032,0.0,0,1.0,0.0,0.0,1.0,0.0
n60,43.2052002,-89.5856018,0.0,0,1.0,0.0,0.0,1.0,0.0
n61,43.2067986,-89.5863037,0.0,0,1.0,0.0,0.0,1.0,0.0
n62,43.2117996,-89.5792007,0.0,0,1.0,0.0,0.0,1.0,0.0
n63,43.1534996,-89.5519028,0.0,0,1.0,0.0,0.0,1.0,0.0
n64,43.1405983,-89.5477982,0.0,0,1.0,0.0,0.0,1.0,0.0
n65,43.1389008,-89.5539017,0.0,0,1.0,0.0,0.0,1.0,0.0
n66,43.1297989,-89.5431976,0.0,0,1.0,0.0,0.0,1.0,0.0
n67,43.1263008,-89.5513992,0.0,0,1.0,0.0,0.0,1.0,0.0
n68,43.1394997,-89.5828018,0.0,0,1.0,0.0,0.0,1.0,0.0
n69,43.1242981,-89.5355988,0.0,0,1.0,0.0,0.0,1.0,0.0
n70,43.1228981,-89.5306015,0.0,0,1.0,0.0,0.0,1.0,0.0
n71,43.1263008,-89.5169983,0.0,0,1.0,0.0,0.0,1.0,0.0
n72,43.1293983,-89.4878998,0.0,0,1.0,0.0,0.0,1.0,0.0
n73,43.1360016,-89.4901962,0.0,0,1.0,0.0,0.0,1.0,0.0
n74,43.1399994,-89.5052032,0.0,0,1.0,0.0,0.0,1.0,0.0
n75,43.1408997,-89.5356979,0.0,0,1.0,0.0,0.0,1.0,0.0
n76,43.1486015,-89.5262985,0.0,0,1.0,0.0,0.0,1.0,0.0
n77,43.1553993,-89.5304031,0.0,0,1.0,0.0,0.0,1.0,0.0
n78,43.1519012,-89.5138016,0.0,0,1.0,0.0,0.0,1.0,0.0
n79,43.1489983,-89.4925003,0.0,0,1.0,0.0,0.0,1.0,0.0
n80,43.1484985,-89.4857025,0.0,0,1.0,0.0,0.0,1.0,0.0
n81,43.1576004,-89.4906998,0.0,0,1.0,0.0,0.0,1.0,0.0
n82,43.1371994,-89.4744034,0.0,0,1.0,0.0,0.0,1.0,0.0
n83,43.1633987,-89.4853973,0.0,0,1.0,0.0,0.0,1.0,0.0
n84,43.1635017,-89.490303,0.0,0,1.0,0.0,0.0,1.0,0.0
n85,43.1629982,-89.520401,0.0,0,1.0,0.0,0.0,1.0,0.0
n86,43.1762009,-89.5140991,0.0,0,1.0,0.0,0.0,1.0,0.0
n87,43.1660995,-89.5354004,0.0,0,1.0,0.0,0.0,1.0,0.0
n88,43.1707001,-89.5366974,0.0,0,1.0,0.0,0.0,1.0,0.0
n89,43.1744995,-89.5409012,0.0,0,1.0,0.0,0.0,1.0,0.0
n90,43.1773987,-89.5261993,0.0,0,1.0,0.0,0.0,1.0,0.0
n91,43.1804008,-89.5279007,0.0,0,1.0,0.0,0.0,1.0,0.0
n92,43.1785011,-89.5472031,0.0,0,1.0,0.0,0.0,1.0,0.0
n93,43.1908989,-89.5143967,0.0,0,1.0,0.0,0.0,1.0,0.0
n94,43.1913986,-89.5082016,0.0,0,1.0,0.0,0.0,1.0,0.0
n95,43.1767998,-89.4833984,0.0,0,1.0,0.0,0.0,1.0,0.0
n96,43.1801987,-89.4834976,0.0,0,1.0,0.0,0.0,1.0,0.0
n97,43.2262993,-89.5859985,0.0,0,1.0,0.0,0.0,1.0,0.0
n98,43.2167015,-89.5633011,0.0,0,1.0,0.0,0.0,1.0,0.0
n99,43.2186012,-89.5201035,0.0,0,1.0,0.0,0.0,1.0,0.0
n100,43.2188988,-89.4841003,0.0,0,1.0,0.0,0.0,1.0,0.0
n101,43.2192993,-89.4787979,0.0,0,1.0,0.0,0.0,1.0,0.0
n102,43.2139015,-89.4787979,0.0,0,1.0,0.0,0.0,1.0,0.0
n103,43.2144012,-89.4497986,0.0,0,1.0,0.0,0.0,1.0,0.0
n104,43.2071991,-89.4354019,0.0,0,1.0,0.0,0.0,1.0,0.0
n105,43.2075005,-89.4244995,0.0,0,1.0,0.0,0.0,1.0,0.0
n106,43.2074013,-89.4147034,0.0,0,1.0,0.0,0.0,1.0,0.0
n107,43.225399,-89.4225998,0.0,0,1.0,0.0,0.0,1.0,0.0
n108,43.2275009,-89.4402008,0.0,0,1.0,0.0,0.0,1.0,0.0
n109,43.2242012,-89.4461975,0.0,0,1.0,0.0,0.0,1.0,0.0
n110,43.2290001,-89.4532013,0.0,0,1.0,0.0,0.0,1.0,0.0
n111,43.2265015,-89.4605026,0.0,0,1.0,0.0,0.0,1.0,0.0
n112,43.2305984,-89.4702988,0.0,0,1.0,0.0,0.0,1.0,0.0
n113,43.2271996,-89.4910965,0.0,0,1.0,0.0,0.0,1.0,0.0
n114,43.2233009,-89.4953003,0.0,0,1.0,0.0,0.0,1.0,0.0
n115,43.223999,-89.4994965,0.0,0,1.0,0.0,0.0,1.0,0.0
n116,43.2232018,-89.507103,0.0,0,1.0,0.0,0.0,1.0,0.0
n117,43.2308006,-89.5151978,0.0,0,1.0,0.0,0.0,1.0,0.0
n118,43.2331009,-89.5223999,0.0,0,1.0,0.0,0.0,1.0,0.0
n119,43.2299995,-89.5406036,0.0,0,1.0,0.0,0.0,1.0,0.0
n120,43.2237015,-89.5258026,0.0,0,1.0,0.0,0.0,1.0,0.0
n121,43.2249985,-89.547699,0.0,0,1.0,0.0,0.0,1.0,0.0
n122,43.2361984,-89.5394974,0.0,0,1.0,0.0,0.0,1.0,0.0
n123,43.2421989,-89.5285034,0.0,0,1.0,0.0,0.0,1.0,0.0
n124,43.2396011,-89.5149002,0.0,0,1.0,0.0,0.0,1.0,0.0
n125,43.2425995,-89.5072021,0.0,0,1.0,0.0,0.0,1.0,0.0
n126,43.2416,-89.4819031,0.0,0,1.0,0.0,0.0,1.0,0.0
n127,43.2405014,-89.4778976,0.0,0,1.0,0.0,0.0,1.0,0.0
n128,43.2389984,-89.4828033,0.0,0,1.0,0.0,0.0,1.0,0.0
n129,43.2363014,-89.4637985,0.0,0,1.0,0.0,0.0,1.0,0.0
n130,43.2495995,-89.4677963,0.0,0,1.0,0.0,0.0,1.0,0.0
n131,43.2509995,-89.4654007,0.0,0,1.0,0.0,0.0,1.0,0.0
n132,43.2639999,-89.4701004,0.0,0,1.0,0.0,0.0,1.0,0.0
n133,43.2668991,-89.4732971,0.0,0,1.0,0.0,0.0,1.0,0.0
n134,43.2714996,-89.461998,0.0,0,1.0,0.0,0.0,1.0,0.0
n135,43.2509995,-89.4849014,0.0,0,1.0,0.0,0.0,1.0,0.0
n136,43.1721001,-89.4093018,0.0,0,1.0,0.0,0.0,1.0,0.0
n137,43.2061996,-89.4910965,0.0,0,1.0,0.0,0.0,1.0,0.0
n138,43.1985016,-89.5158997,0.0,0,1.0,0.0,0.0,1.0,0.0
n139,43.2391014,-89.4505005,0.0,0,1.0,0.0,0.0,1.0,0.0
n140,43.2495995,-89.4573975,0.0,0,1.0,0.0,0.0,1.0,0.0
n141,43.2672997,-89.419899,0.0,0,1.0,0.0,0.0,1.0,0.0
n142,43.2717018,-89.4229965,0.0,0,1.0,0.0,0.0,1.0,0.0
n143,43.2831001,-89.4509964,0.0,0,1.0,0.0,0.0,1.0,0.0
n144,43.2882004,-89.450798,0.0,0,1.0,0.0,0.0,1.0,0.0
n145,43.2545013,-89.4505997,0.0,0,1.0,0.0,0.0,1.0,0.0
n146,43.2602005,-89.4029999,0.0,0,1.0,0.0,0.0,1.0,0.0
n147,43.2733994,-89.3263016,0.0,0,1.0,0.0,0.0,1.0,0.0
n148,43.2765999,-89.3035965,0.0,0,1.0,0.0,0.0,1.0,0.0
n149,43.2681999,-89.2957993,0.0,0,1.0,0.0,0.0,1.0,0.0
n150,43.2755013,-89.2863998,0.0,0,1.0,0.0,0.0,1.0,0.0
n151,43.2748985,-89.2835007,0.0,0,1.0,0.0,0.0,1.0,0.0
n152,43.2481003,-89.392601,0.0,0,1.0,0.0,0.0,1.0,0.0
n153,43.1949005,-89.3887024,0.0,0,1.0,0.0,0.0,1.0,0.0
n154,43.2190018,-89.4064026,0.0,0,1.0,0.0,0.0,1.0,0.0
n155,43.2200012,-89.4132004,0.0,0,1.0,0.0,0.0,1.0,0.0
n156,43.2327003,-89.4228973,0.0,0,1.0,0.0,0.0,1.0,0.0
n157,43.2249985,-89.4007034,0.0,0,1.0,0.0,0.0,1.0,0.0
n158,43.2388,-89.3188019,0.0,0,1.0,0.0,0.0,1.0,0.0
n159,43.2537994,-89.3167038,0.0,0,1.0,0.0,0.0,1.0,0.0
n160,43.2456017,-89.4372025,0.0,0,1.0,0.0,0.0,1.0,0.0
n161,43.2153015,-89.3125,0.0,0,1.0,0.0,0.0,1.0,0.0
n162,43.1935005,-89.3290024,0.0,0,1.0,0.0,0.0,1.0,0.0
n163,43.2235985,-89.2497025,0.0,0,1.0,0.0,0.0,1.0,0.0
n164,43.2246017,-89.2434998,0.0,0,1.0,0.0,0.0,1.0,0.0
n165,43.2246017,-89.2553024,0.0,0,1.0,0.0,0.0,1.0,0.0
n166,43.2318993,-89.2662964,0.0,0,1.0,0.0,0.0,1.0,0.0
n167,43.2172012,-89.2781982,0.0,0,1.0,0.0,0.0,1.0,0.0
n168,43.2223015,-89.2819977,0.0,0,1.0,0.0,0.0,1.0,0.0
n169,43.2263985,-89.2979965,0.0,0,1.0,0.0,0.0,1.0,0.0
n170,43.2550011,-89.2838974,0.0,0,1.0,0.0,0.0,1.0,0.0
n171,43.2389984,-89.2774963,0.0,0,1.0,0.0,0.0,1.0,0.0
n172,43.2490005,-89.2640991,0.0,0,1.0,0.0,0.0,1.0,0.0
n173,43.25,-89.254097,0.0,0,1.0,0.0,0.0,1.0,0.0
n174,43.2677994,-89.2730026,0.0,0,1.0,0.0,0.0,1.0,0.0
n175,43.1925011,-89.5501022,0.0,0,1.0,0.0,0.0,1.0,0.0
n176,43.196701,-89.530899,0.0,0,1.0,0.0,0.0,1.0,0.0
n177,43.1393013,-89.5586014,0.0,0,1.0,0.0,0.0,1.0,0.0
n178,43.1792984,-89.5178986,0.0,0,1.0,0.0,0.0,1.0,0.0
n179,43.178299,-89.4965973,0.0,0,1.0,0.0,0.0,1.0,0.0
n180,43.2064018,-89.5212021,0.0,0,1.0,0.0,0.0,1.0,0.0
n181,43.2025986,-89.5406036,0.0,0,1.0,0.0,0.0,1.0,0.0
n182,43.2169991,-89.5840988,0.0,0,1.0,0.0,0.0,1.0,0.0
n183,43.232399,-89.5010986,0.0,0,1.0,0.0,0.0,1.0,0.0
n184,43.214901,-89.3760986,0.0,0,1.0,0.0,0.0,1.0,0.0
n185,43.2369003,-89.3796005,0.0,0,1.0,0.0,0.0,1.0,0.0
n186,43.2700005,-89.346199,0.0,0,1.0,0.0,0.0,1.0,0.0
n187,43.2038994,-89.292099,0.0,0,1.0,0.0,0.0,1.0,0.0
n188,43.1282997,-89.4730988,0.0,0,1.0,0.0,0.0,1.0,0.0
n189,43.1525993,-89.471199,0.0,0,1.0,0.0,0.0,1.0,0.0
n190,43.1599007,-89.5000992,0.0,0,1.0,0.0,0.0,1.0,0.0
n191,43.1641006,-89.4777985,0.0,0,1.0,0.0,0.0,1.0,0.0
n192,43.169899,-89.4971008,0.0,0,1.0,0.0,0.0,1.0,0.0
n193,43.1864014,-89.5758972,0.0,0,1.0,0.0,0.0,1.0,0.0
n194,43.2069016,-89.5643997,0.0,0,1.0,0.0,0.0,1.0,0.0
n195,43.2470016,-89.5035019,0.0,0,1.0,0.0,0.0,1.0,0.0
n196,43.2565994,-89.441803,0.0,0,1.0,0.0,0.0,1.0,0.0
n197,43.2088013,-89.3968964,0.0,0,1.0,0.0,0.0,1.0,0.0
n198,43.2331009,-89.3785019,0.0,0,1.0,0.0,0.0,1.0,0.0
n199,43.277401,-89.3097992,0.0,0,1.0,0.0,0.0,1.0,0.0
n200,43.2498016,-89.2911987,0.0,0,1.0,0.0,0.0,1.0,0.0
n201,43.2346001,-89.3013,0.0,0,1.0,0.0,0.0,1.0,0.0
n202,43.2226982,-89.2975998,0.0,0,1.0,0.0,0.0,1.0,0.0
n203,43.2033997,-89.414299,0.0,0,1.0,0.0,0.0,1.0,0.0
n204,43.2921,-89.3664,0.32341551,0.32341551,0.32341551,0.0,0.0,1.0,0.0
n205,43.292,-89.3733,0.480981115,0.480981115,0.480981115,0.0,0.0,1.0,0.0
n206,43.2904,-89.3764,0.179189238,0.179189238,0.179189238,0.0,0.0,1.0,0.0
n207,43.2917,-89.4049,0.325364346,0.325364346,0.325364346,0.0,0.0,1.0,0.0
n208,43.2912,-89.431,0.408675961,0.408675961,0.408675961,0.0,0.0,1.0,0.0
n209,43.2908,-89.3802,0.820497871,0.820497871,0.820497871,0.0,0.0,1.0,0.0
n210,43.2903,-89.4184,0.669601212,0.669601212,0.669601212,0.0,0.0,1.0,0.0
n211,43.2913,-89.4116,0.754480387,0.754480387,0.754480387,0.0,0.0,1.0,0.0
n212,43.2869,-89.4166,0.496701113,0.496701113,0.496701113,0.0,0.0,1.0,0.0
n213,43.2897,-89.4442,0.403763428,0.403763428,0.403763428,0.0,0.0,1.0,0.0
n214,43.28,-89.2807,0.303266454,0.303266454,0.303266454,0.0,0.0,1.0,0.0
n215,43.2876,-89.4397,0.323798186,0.323798186,0.323798186,0.0,0.0,1.0,0.0
n216,43.2879,-89.4681,0.179189238,0.179189238,0.179189238,0.0,0.0,1.0,0.0
n217,43.2851,-89.4133,0.374097046,0.374097046,0.374097046,0.0,0.0,1.0,0.0
n218,43.287,-89.4057,1.049988811,1.049988811,1.049988811,0.0,0.0,1.0,0.0
n219,43.2781,-89.2769,0.248352685,0.248352685,0.248352685,0.0,0.0,1.0,0.0
n220,43.2872,-89.4341,0.644454624,0.644454624,0.644454624,0.0,0.0,1.0,0.0
n221,43.2856,-89.4447,0.238920411,0.238920411,0.238920411,0.0,0.0,1.0,0.0
n222,43.2799,-89.3299,0.484129921,0.484129921,0.484129921,0.0,0.0,1.0,0.0
n223,43.279,-89.3072,0.402393894,0.402393894,0.402393894,0.0,0.0,1.0,0.0
n224,43.2773,-89.2925,0.15089806,0.15089806,0.15089806,0.0,0.0,1.0,0.0
n225,43.2848,-89.4398,0.304937868,0.304937868,0.304937868,0.0,0.0,1.0,0.0
n226,43.284,-89.4335,0.204340096,0.204340096,0.204340096,0.0,0.0,1.0,0.0
n227,43.2769,-89.2825,0.311226994,0.311226994,0.311226994,0.0,0.0,1.0,0.0
n228,43.2779,-89.2723,0.851944927,0.851944927,0.851944927,0.0,0.0,1.0,0.0
n229,43.285,-89.4495,0.317511863,0.317511863,0.317511863,0.0,0.0,1.0,0.0
n230,43.2806,-89.3811,0.094310898,0.094310898,0.094310898,0.0,0.0,1.0,0.0
n231,43.2776,-89.2866,0.187646611,0.187646611,0.187646611,0.0,0.0,1.0,0.0
n232,43.2841,-89.3752,3.093382758,3.093382758,3.093382758,0.0,0.0,1.0,0.0
n233,43.279,-89.3206,0.584729096,0.584729096,0.584729096,0.0,0.0,1.0,0.0
n234,43.2758,-89.295,0.420836736,0.420836736,0.420836736,0.0,0.0,1.0,0.0
n235,43.2774,-89.3127,0.534430209,0.534430209,0.534430209,0.0,0.0,1.0,0.0
n236,43.2817,-89.4126,1.521553198,1.521553198,1.521553198,0.0,0.0,1.0,0.0
n237,43.2824,-89.4428,0.713618059,0.713618059,0.713618059,0.0,0.0,1.0,0.0
n238,43.2816,-89.434,0.48727307,0.48727307,0.48727307,0.0,0.0,1.0,0.0
n239,43.2742,-89.2982,0.352096409,0.352096409,0.352096409,0.0,0.0,1.0,0.0
n240,43.2769,-89.3652,0.279789827,0.279789827,0.279789827,0.0,0.0,1.0,0.0
n241,43.2756,-89.3388,0.330090113,0.330090113,0.330090113,0.0,0.0,1.0,0.0
n242,43.2801,-89.4055,0.0,0,1.0,0.0,0.0,1.0,0.0
n243,43.2776,-89.3703,0.462125028,0.462125028,0.462125028,0.0,0.0,1.0,0.0
n244,43.281,-89.4542,0.176317751,0.176317751,0.176317751,0.0,0.0,1.0,0.0
n245,43.2815,-89.4493,0.446405056,0.446405056,0.446405056,0.0,0.0,1.0,0.0
n246,43.2778,-89.3803,0.36467043,0.36467043,0.36467043,0.0,0.0,1.0,0.0
n247,43.2775,-89.3756,0.45583733,0.45583733,0.45583733,0.0,0.0,1.0,0.0
n248,43.2736,-89.2701,0.28916273,0.28916273,0.28916273,0.0,0.0,1.0,0.0
n249,43.2756,-89.3498,0.467243333,0.467243333,0.467243333,0.0,0.0,1.0,0.0
n250,43.2827,-89.4632,0.215164643,0.215164643,0.215164643,0.0,0.0,1.0,0.0
n251,43.2839,-89.4579,1.292056654,1.292056654,1.292056654,0.0,0.0,1.0,0.0
n252,43.2727,-89.2874,0.288352046,0.288352046,0.288352046,0.0,0.0,1.0,0.0
n253,43.2828,-89.467,0.93367535,0.93367535,0.93367535,0.0,0.0,1.0,0.0
n254,43.2788,-89.388,0.559166233,0.559166233,0.559166233,0.0,0.0,1.0,0.0
n255,43.2834,-89.4712,0.584726293,0.584726293,0.584726293,0.0,0.0,1.0,0.0
n256,43.2861,-89.3931,8.660841531,8.660841531,8.660841531,0.0,0.0,1.0,0.0
n257,43.2722,-89.2969,0.374102704,0.374102704,0.374102704,0.0,0.0,1.0,0.0
n258,43.2711,-89.2685,0.354401543,0.354401543,0.354401543,0.0,0.0,1.0,0.0
n259,43.2771,-89.403,0.257423956,0.257423956,0.257423956,0.0,0.0,1.0,0.0
n260,43.275,-89.3756,0.160330334,0.160330334,0.160330334,0.0,0.0,1.0,0.0
n261,43.269,-89.2534,0.138324187,0.138324187,0.138324187,0.0,0.0,1.0,0.0
n262,43.2774,-89.4117,1.05314182,1.05314182,1.05314182,0.0,0.0,1.0,0.0
n263,43.2699,-89.2605,0.550153009,0.550153009,0.550153009,0.0,0.0,1.0,0.0
n264,43.2683,-89.2588,0.264074085,0.264074085,0.264074085,0.0,0.0,1.0,0.0
n265,43.2768,-89.419,0.231849543,0.231849543,0.231849543,0.0,0.0,1.0,0.0
n266,43.273,-89.3402,0.345584819,0.345584819,0.345584819,0.0,0.0,1.0,0.0
n267,43.2683,-89.2677,0.068764706,0.068764706,0.068764706,0.0,0.0,1.0,0.0
n268,43.2785,-89.4699,0.216915517,0.216915517,0.216915517,0.0,0.0,1.0,0.0
n269,43.2727,-89.3457,0.210629221,0.210629221,0.210629221,0.0,0.0,1.0,0.0
n270,43.2688,-89.2721,0.25778636,0.25778636,0.25778636,0.0,0.0,1.0,0.0
n271,43.274,-89.3706,0.364671831,0.364671831,0.364671831,0.0,0.0,1.0,0.0
n272,43.275,-89.3309,2.52440885,2.52440885,2.52440885,0.0,0.0,1.0,0.0
n273,43.2696,-89.2836,0.11631804,0.11631804,0.11631804,0.0,0.0,1.0,0.0
n274,43.272,-89.2787,2.134587549,2.134587549,2.134587549,0.0,0.0,1.0,0.0
n275,43.2724,-89.3508,0.597307347,0.597307347,0.597307347,0.0,0.0,1.0,0.0
n276,43.2692,-89.2873,0.298094526,0.298094526,0.298094526,0.0,0.0,1.0,0.0
n277,43.278,-89.4581,0.835826061,0.835826061,0.835826061,0.0,0.0,1.0,0.0
n278,43.2779,-89.4406,2.826193762,2.826193762,2.826193762,0.0,0.0,1.0,0.0
n279,43.2719,-89.3555,0.08463274,0.08463274,0.08463274,0.0,0.0,1.0,0.0
n280,43.2667,-89.2587,0.289223529,0.289223529,0.289223529,0.0,0.0,1.0,0.0
n281,43.2666,-89.2663,0.216918347,0.216918347,0.216918347,0.0,0.0,1.0,0.0
n282,43.2772,-89.4723,0.263022313,0.263022313,0.263022313,0.0,0.0,1.0,0.0
n283,43.2696,-89.2998,1.027999437,1.027999437,1.027999437,0.0,0.0,1.0,0.0
n284,43.2744,-89.4295,0.254641811,0.254641811,0.254641811,0.0,0.0,1.0,0.0
n285,43.2738,-89.4055,0.142818498,0.142818498,0.142818498,0.0,0.0,1.0,0.0
n286,43.2739,-89.3939,0.452695583,0.452695583,0.452695583,0.0,0.0,1.0,0.0
n287,43.2729,-89.3895,0.392964423,0.392964423,0.392964423,0.0,0.0,1.0,0.0
n288,43.2734,-89.3841,0.352096409,0.352096409,0.352096409,0.0,0.0,1.0,0.0
n289,43.2724,-89.3601,0.657037079,0.657037079,0.657037079,0.0,0.0,1.0,0.0
n290,43.2747,-89.4491,0.113173613,0.113173613,0.113173613,0.0,0.0,1.0,0.0
n291,43.2742,-89.4242,0.200676773,0.200676773,0.200676773,0.0,0.0,1.0,0.0
n292,43.2698,-89.3272,0.490421876,0.490421876,0.490421876,0.0,0.0,1.0,0.0
n293,43.2751,-89.4567,0.15163362,0.15163362,0.15163362,0.0,0.0,1.0,0.0
n294,43.2723,-89.3129,4.765877775,4.765877775,4.765877775,0.0,0.0,1.0,0.0
n295,43.275,-89.4747,0.09157121,0.09157121,0.09157121,0.0,0.0,1.0,0.0
n296,43.2658,-89.272,0.243585885,0.243585885,0.243585885,0.0,0.0,1.0,0.0
n297,43.2722,-89.3769,1.053147533,1.053147533,1.053147533,0.0,0.0,1.0,0.0
n298,43.273,-89.4492,0.105209627,0.105209627,0.105209627,0.0,0.0,1.0,0.0
n299,43.2715,-89.3671,1.420958227,1.420958227,1.420958227,0.0,0.0,1.0,0.0
n300,43.2653,-89.3023,0.106887599,0.106887599,0.106887599,0.0,0.0,1.0,0.0
n301,43.2723,-89.4296,0.186898128,0.186898128,0.186898128,0.0,0.0,1.0,0.0
n302,43.2657,-89.297,0.160451145,0.160451145,0.160451145,0.0,0.0,1.0,0.0
n303,43.2733,-89.4152,1.424108435,1.424108435,1.424108435,0.0,0.0,1.0,0.0
n304,43.2684,-89.3588,0.477847882,0.477847882,0.477847882,0.0,0.0,1.0,0.0
n305,43.2642,-89.2602,0.977706263,0.977706263,0.977706263,0.0,0.0,1.0,0.0
n306,43.2731,-89.4567,0.383820062,0.383820062,0.383820062,0.0,0.0,1.0,0.0
n307,43.27,-89.388,0.679046231,0.679046231,0.679046231,0.0,0.0,1.0,0.0
n308,43.2671,-89.3319,0.264074085,0.264074085,0.264074085,0.0,0.0,1.0,0.0
n309,43.2743,-89.4668,0.808552768,0.808552768,0.808552768,0.0,0.0,1.0,0.0
n310,43.2704,-89.4095,0.229902444,0.229902444,0.229902444,0.0,0.0,1.0,0.0
n311,43.2651,-89.2918,0.0,0,1.0,0.0,0.0,1.0,0.0
n312,43.2731,-89.4748,0.124692825,0.124692825,0.124692825,0.0,0.0,1.0,0.0
n313,43.2734,-89.4365,0.338532534,0.338532534,0.338532534,0.0,0.0,1.0,0.0
n314,43.2707,-89.424,0.185091257,0.185091257,0.185091257,0.0,0.0,1.0,0.0
n315,43.2703,-89.4044,0.449553863,0.449553863,0.449553863,0.0,0.0,1.0,0.0
n316,43.2677,-89.3749,0.122744848,0.122744848,0.122744848,0.0,0.0,1.0,0.0
n317,43.2654,-89.311,0.260930937,0.260930937,0.260930937,0.0,0.0,1.0,0.0
n318,43.2621,-89.2522,0.427550397,0.427550397,0.427550397,0.0,0.0,1.0,0.0
n319,43.266,-89.3544,0.238031616,0.238031616,0.238031616,0.0,0.0,1.0,0.0
n320,43.2652,-89.3162,0.65075504,0.65075504,0.65075504,0.0,0.0,1.0,0.0
n321,43.262,-89.2622,0.442516348,0.442516348,0.442516348,0.0,0.0,1.0,0.0
n322,43.2662,-89.3366,0.521861873,0.521861873,0.521861873,0.0,0.0,1.0,0.0
n323,43.2709,-89.3986,1.304647569,1.304647569,1.304647569,0.0,0.0,1.0,0.0
n324,43.2712,-89.4714,0.114951222,0.114951222,0.114951222,0.0,0.0,1.0,0.0
n325,43.269,-89.4268,0.430690717,0.430690717,0.430690717,0.0,0.0,1.0,0.0
n326,43.2665,-89.3409,0.543866713,0.543866713,0.543866713,0.0,0.0,1.0,0.0
n327,43.2643,-89.2871,0.807943654,0.807943654,0.807943654,0.0,0.0,1.0,0.0
n328,43.2704,-89.4507,0.06916202,0.06916202,0.06916202,0.0,0.0,1.0,0.0
n329,43.2699,-89.4336,0.37908643,0.37908643,0.37908643,0.0,0.0,1.0,0.0
n330,43.262,-89.2967,0.140280955,0.140280955,0.140280955,0.0,0.0,1.0,0.0
n331,43.2656,-89.3752,0.188624341,0.188624341,0.188624341,0.0,0.0,1.0,0.0
n332,43.2664,-89.3676,0.551881635,0.551881635,0.551881635,0.0,0.0,1.0,0.0
n333,43.2684,-89.38,0.565016284,0.565016284,0.565016284,0.0,0.0,1.0,0.0
n334,43.2642,-89.3269,0.317376525,0.317376525,0.317376525,0.0,0.0,1.0,0.0
n335,43.2614,-89.292,0.289224929,0.289224929,0.289224929,0.0,0.0,1.0,0.0
n336,43.2705,-89.4765,0.173400825,0.173400825,0.173400825,0.0,0.0,1.0,0.0
n337,43.2668,-89.3862,0.419641142,0.419641142,0.419641142,0.0,0.0,1.0,0.0
n338,43.2655,-89.3938,0.160451145,0.160451145,0.160451145,0.0,0.0,1.0,0.0
n339,43.2641,-89.3608,0.124693693,0.124693693,0.124693693,0.0,0.0,1.0,0.0
n340,43.2647,-89.3454,0.474706135,0.474706135,0.474706135,0.0,0.0,1.0,0.0
n341,43.2636,-89.3049,1.493286043,1.493286043,1.493286043,0.0,0.0,1.0,0.0
n342,43.2605,-89.3016,0.11317531,0.11317531,0.11317531,0.0,0.0,1.0,0.0
n343,43.2667,-89.3968,0.259189997,0.259189997,0.259189997,0.0,0.0,1.0,0.0
n344,43.2618,-89.3129,0.356546735,0.356546735,0.356546735,0.0,0.0,1.0,0.0
n345,43.2695,-89.4665,0.961979151,0.961979151,0.961979151,0.0,0.0,1.0,0.0
n346,43.2667,-89.4245,0.314374373,0.314374373,0.314374373,0.0,0.0,1.0,0.0
n347,43.2665,-89.4045,0.458986136,0.458986136,0.458986136,0.0,0.0,1.0,0.0
n348,43.2676,-89.4542,0.188624341,0.188624341,0.188624341,0.0,0.0,1.0,0.0
n349,43.2666,-89.4089,0.198730559,0.198730559,0.198730559,0.0,0.0,1.0,0.0
n350,43.2677,-89.415,1.455554145,1.455554145,1.455554145,0.0,0.0,1.0,0.0
n351,43.265,-89.4251,0.154042623,0.154042623,0.154042623,0.0,0.0,1.0,0.0
n352,43.2594,-89.3129,0.109614102,0.109614102,0.109614102,0.0,0.0,1.0,0.0
n353,43.2592,-89.3042,0.304944927,0.304944927,0.304944927,0.0,0.0,1.0,0.0
n354,43.2612,-89.3298,0.763932465,0.763932465,0.763932465,0.0,0.0,1.0,0.0
n355,43.2584,-89.2771,0.364676088,0.364676088,0.364676088,0.0,0.0,1.0,0.0
n356,43.2661,-89.4333,0.751354214,0.751354214,0.751354214,0.0,0.0,1.0,0.0
n357,43.2611,-89.3366,0.141056416,0.141056416,0.141056416,0.0,0.0,1.0,0.0
n358,43.2697,-89.4424,2.433250384,2.433250384,2.433250384,0.0,0.0,1.0,0.0
n359,43.2625,-89.3743,0.286081781,0.286081781,0.286081781,0.0,0.0,1.0,0.0
n360,43.2667,-89.4502,0.101313681,0.101313681,0.101313681,0.0,0.0,1.0,0.0
n361,43.2685,-89.448,0.490423277,0.490423277,0.490423277,0.0,0.0,1.0,0.0
n362,43.2623,-89.3524,1.612754021,1.612754021,1.612754021,0.0,0.0,1.0,0.0
n363,43.2582,-89.3133,0.078594866,0.078594866,0.078594866,0.0,0.0,1.0,0.0
n364,43.2656,-89.454,0.148073713,0.148073713,0.148073713,0.0,0.0,1.0,0.0
n365,43.2621,-89.3797,0.248356916,0.248356916,0.248356916,0.0,0.0,1.0,0.0
n366,43.2607,-89.3404,0.314375774,0.314375774,0.314375774,0.0,0.0,1.0,0.0
n367,43.2682,-89.461,0.229492368,0.229492368,0.229492368,0.0,0.0,1.0,0.0
n368,43.269,-89.4566,1.028000945,1.028000945,1.028000945,0.0,0.0,1.0,0.0
n369,43.2634,-89.4143,0.172905771,0.172905771,0.172905771,0.0,0.0,1.0,0.0
n370,43.2601,-89.3213,0.54387097,0.54387097,0.54387097,0.0,0.0,1.0,0.0
n371,43.2627,-89.3841,0.214317812,0.214317812,0.214317812,0.0,0.0,1.0,0.0
n372,43.2574,-89.3041,0.436982671,0.436982671,0.436982671,0.0,0.0,1.0,0.0
n373,43.266,-89.4671,0.723063024,0.723063024,0.723063024,0.0,0.0,1.0,0.0
n374,43.257,-89.3129,0.122745725,0.122745725,0.122745725,0.0,0.0,1.0,0.0
n375,43.2568,-89.2822,0.383540636,0.383540636,0.383540636,0.0,0.0,1.0,0.0
n376,43.2626,-89.4104,0.304483736,0.304483736,0.304483736,0.0,0.0,1.0,0.0
n377,43.2627,-89.4044,0.458987538,0.458987538,0.458987538,0.0,0.0,1.0,0.0
n378,43.264,-89.4644,0.060398615,0.060398615,0.060398615,0.0,0.0,1.0,0.0
n379,43.2615,-89.364,0.917976477,0.917976477,0.917976477,0.0,0.0,1.0,0.0
n380,43.2599,-89.3752,0.16560982,0.16560982,0.16560982,0.0,0.0,1.0,0.0
n381,43.2609,-89.4001,0.105210495,0.105210495,0.105210495,0.0,0.0,1.0,0.0
n382,43.2624,-89.393,1.490135835,1.490135835,1.490135835,0.0,0.0,1.0,0.0
n383,43.2572,-89.2632,2.763373046,2.763373046,2.763373046,0.0,0.0,1.0,0.0
n384,43.2635,-89.4541,0.223206057,0.223206057,0.223206057,0.0,0.0,1.0,0.0
n385,43.2624,-89.4356,0.060896745,0.060896745,0.060896745,0.0,0.0,1.0,0.0
n386,43.2624,-89.4244,0.303271229,0.303271229,0.303271229,0.0,0.0,1.0,0.0
n387,43.2604,-89.4072,0.133971784,0.133971784,0.133971784,0.0,0.0,1.0,0.0
n388,43.2625,-89.4189,0.499856979,0.499856979,0.499856979,0.0,0.0,1.0,0.0
n389,43.2578,-89.3423,0.370963786,0.370963786,0.370963786,0.0,0.0,1.0,0.0
n390,43.2632,-89.4489,0.308088076,0.308088076,0.308088076,0.0,0.0,1.0,0.0
n391,43.2631,-89.442,0.534437268,0.534437268,0.534437268,0.0,0.0,1.0,0.0
n392,43.2627,-89.4657,0.144177777,0.144177777,0.144177777,0.0,0.0,1.0,0.0
n393,43.2583,-89.3775,0.188625755,0.188625755,0.188625755,0.0,0.0,1.0,0.0
n394,43.2571,-89.2738,2.276092863,2.276092863,2.276092863,0.0,0.0,1.0,0.0
n395,43.2628,-89.4592,0.224059407,0.224059407,0.224059407,0.0,0.0,1.0,0.0
n396,43.2601,-89.4156,0.273506358,0.273506358,0.273506358,0.0,0.0,1.0,0.0
n397,43.2552,-89.3065,0.792232115,0.792232115,0.792232115,0.0,0.0,1.0,0.0
n398,43.2618,-89.2818,3.13118525,3.13118525,3.13118525,0.0,0.0,1.0,0.0
n399,43.2546,-89.2864,0.183374766,0.183374766,0.183374766,0.0,0.0,1.0,0.0
n400,43.2551,-89.3155,0.147757741,0.147757741,0.147757741,0.0,0.0,1.0,0.0
n401,43.2543,-89.2918,0.172907171,0.172907171,0.172907171,0.0,0.0,1.0,0.0
n402,43.2594,-89.3944,0.465276691,0.465276691,0.465276691,0.0,0.0,1.0,0.0
n403,43.2571,-89.2955,1.408408268,1.408408268,1.408408268,0.0,0.0,1.0,0.0
n404,43.2586,-89.3997,0.191770318,0.191770318,0.191770318,0.0,0.0,1.0,0.0
n405,43.2606,-89.4412,0.255233045,0.255233045,0.255233045,0.0,0.0,1.0,0.0
n406,43.2533,-89.3064,0.477854941,0.477854941,0.477854941,0.0,0.0,1.0,0.0
n407,43.2516,-89.2525,1.238651318,1.238651318,1.238651318,0.0,0.0,1.0,0.0
n408,43.2584,-89.4161,0.342671194,0.342671194,0.342671194,0.0,0.0,1.0,0.0
n409,43.2514,-89.2598,0.220165224,0.220165224,0.220165224,0.0,0.0,1.0,0.0
n410,43.2513,-89.2631,0.105211372,0.105211372,0.105211372,0.0,0.0,1.0,0.0
n411,43.2565,-89.3857,0.396114656,0.396114656,0.396114656,0.0,0.0,1.0,0.0
n412,43.2605,-89.4313,1.810807767,1.810807767,1.810807767,0.0,0.0,1.0,0.0
n413,43.2515,-89.3127,0.137531467,0.137531467,0.137531467,0.0,0.0,1.0,0.0
n414,43.2595,-89.4487,0.528152373,0.528152373,0.528152373,0.0,0.0,1.0,0.0
n415,43.2549,-89.3595,1.562449423,1.562449423,1.562449423,0.0,0.0,1.0,0.0
n416,43.2614,-89.4745,0.594169857,0.594169857,0.594169857,0.0,0.0,1.0,0.0
n417,43.2592,-89.4785,0.177299383,0.177299383,0.177299383,0.0,0.0,1.0,0.0
n418,43.2577,-89.4442,0.313684385,0.313684385,0.313684385,0.0,0.0,1.0,0.0
n419,43.2539,-89.3691,0.458991795,0.458991795,0.458991795,0.0,0.0,1.0,0.0
n420,43.2505,-89.2961,0.553307475,0.553307475,0.553307475,0.0,0.0,1.0,0.0
n421,43.25,-89.288,0.368241558,0.368241558,0.368241558,0.0,0.0,1.0,0.0
n422,43.2478,-89.261,0.123426149,0.123426149,0.123426149,0.0,0.0,1.0,0.0
n423,43.2558,-89.43,0.167505787,0.167505787,0.167505787,0.0,0.0,1.0,0.0
n424,43.2477,-89.2576,0.118136747,0.118136747,0.118136747,0.0,0.0,1.0,0.0
n425,43.256,-89.435,0.117734854,0.117734854,0.117734854,0.0,0.0,1.0,0.0
n426,43.2508,-89.3194,0.804810368,0.804810368,0.804810368,0.0,0.0,1.0,0.0
n427,43.2569,-89.4391,0.331220509,0.331220509,0.331220509,0.0,0.0,1.0,0.0
n428,43.2563,-89.4258,0.144613179,0.144613179,0.144613179,0.0,0.0,1.0,0.0
n429,43.2561,-89.423,0.374108361,0.374108361,0.374108361,0.0,0.0,1.0,0.0
n430,43.257,-89.4763,0.167558657,0.167558657,0.167558657,0.0,0.0,1.0,0.0
n431,43.2492,-89.3128,0.238928871,0.238928871,0.238928871,0.0,0.0,1.0,0.0
n432,43.2488,-89.3016,0.194837243,0.194837243,0.194837243,0.0,0.0,1.0,0.0
n433,43.2473,-89.2521,0.839394914,0.839394914,0.839394914,0.0,0.0,1.0,0.0
n434,43.2561,-89.4541,0.20068028,0.20068028,0.20068028,0.0,0.0,1.0,0.0
n435,43.255,-89.3927,0.732582772,0.732582772,0.732582772,0.0,0.0,1.0,0.0
n436,43.2567,-89.3732,2.382974238,2.382974238,2.382974238,0.0,0.0,1.0,0.0
n437,43.2494,-89.2782,0.336384897,0.336384897,0.336384897,0.0,0.0,1.0,0.0
n438,43.2493,-89.282,0.8896938,0.8896938,0.8896938,0.0,0.0,1.0,0.0
n439,43.2501,-89.3257,0.171033109,0.171033109,0.171033109,0.0,0.0,1.0,0.0
n440,43.2475,-89.2907,0.685346645,0.685346645,0.685346645,0.0,0.0,1.0,0.0
n441,43.2452,-89.2595,0.301806009,0.301806009,0.301806009,0.0,0.0,1.0,0.0
n442,43.2515,-89.3908,0.653906648,0.653906648,0.653906648,0.0,0.0,1.0,0.0
n443,43.254,-89.3995,0.836244706,0.836244706,0.836244706,0.0,0.0,1.0,0.0
n444,43.2501,-89.3036,0.597321465,0.597321465,0.597321465,0.0,0.0,1.0,0.0
n445,43.2464,-89.3013,0.132489074,0.132489074,0.132489074,0.0,0.0,1.0,0.0
n446,43.2523,-89.4324,0.12260815,0.12260815,0.12260815,0.0,0.0,1.0,0.0
n447,43.2488,-89.3083,0.660197203,0.660197203,0.660197203,0.0,0.0,1.0,0.0
n448,43.246,-89.2951,0.326956854,0.326956854,0.326956854,0.0,0.0,1.0,0.0
n449,43.2522,-89.4201,0.094313585,0.094313585,0.094313585,0.0,0.0,1.0,0.0
n450,43.2548,-89.4102,4.008314756,4.008314756,4.008314756,0.0,0.0,1.0,0.0
n451,43.2517,-89.4181,0.125751447,0.125751447,0.125751447,0.0,0.0,1.0,0.0
n452,43.2469,-89.315,0.603609217,0.603609217,0.603609217,0.0,0.0,1.0,0.0
n453,43.2529,-89.4276,0.880258697,0.880258697,0.880258697,0.0,0.0,1.0,0.0
n454,43.2511,-89.4319,0.289227758,0.289227758,0.289227758,0.0,0.0,1.0,0.0
n455,43.2526,-89.4391,0.396117486,0.396117486,0.396117486,0.0,0.0,1.0,0.0
n456,43.2494,-89.4036,0.157190016,0.157190016,0.157190016,0.0,0.0,1.0,0.0
n457,43.2442,-89.2776,0.540734882,0.540734882,0.540734882,0.0,0.0,1.0,0.0
n458,43.2523,-89.444,0.543873773,0.543873773,0.543873773,0.0,0.0,1.0,0.0
n459,43.2514,-89.4481,0.150902304,0.150902304,0.150902304,0.0,0.0,1.0,0.0
n460,43.2462,-89.3211,0.569028873,0.569028873,0.569028873,0.0,0.0,1.0,0.0
n461,43.2524,-89.4562,1.200925024,1.200925024,1.200925024,0.0,0.0,1.0,0.0
n462,43.2481,-89.3793,0.518725784,0.518725784,0.518725784,0.0,0.0,1.0,0.0
n463,43.2474,-89.2699,3.939179829,3.939179829,3.939179829,0.0,0.0,1.0,0.0
n464,43.2575,-89.4634,4.907425337,4.907425337,4.907425337,0.0,0.0,1.0,0.0
n465,43.2419,-89.2799,0.147759142,0.147759142,0.147759142,0.0,0.0,1.0,0.0
n466,43.2437,-89.2923,0.197482464,0.197482464,0.197482464,0.0,0.0,1.0,0.0
n467,43.2537,-89.4764,1.235505314,1.235505314,1.235505314,0.0,0.0,1.0,0.0
n468,43.2513,-89.4725,0.181611899,0.181611899,0.181611899,0.0,0.0,1.0,0.0
n469,43.2438,-89.3109,0.267224293,0.267224293,0.267224293,0.0,0.0,1.0,0.0
n470,43.2436,-89.3041,0.892842607,0.892842607,0.892842607,0.0,0.0,1.0,0.0
n471,43.2428,-89.2468,1.07832807,1.07832807,1.07832807,0.0,0.0,1.0,0.0
n472,43.2429,-89.321,0.100602003,0.100602003,0.100602003,0.0,0.0,1.0,0.0
n473,43.2477,-89.4064,0.503007187,0.503007187,0.503007187,0.0,0.0,1.0,0.0
n474,43.2396,-89.2512,0.279799715,0.279799715,0.279799715,0.0,0.0,1.0,0.0
n475,43.2406,-89.2611,0.644482862,0.644482862,0.644482862,0.0,0.0,1.0,0.0
n476,43.2421,-89.2963,0.311740792,0.311740792,0.311740792,0.0,0.0,1.0,0.0
n477,43.2404,-89.2667,0.48100515,0.48100515,0.48100515,0.0,0.0,1.0,0.0
n478,43.2485,-89.4453,0.093521808,0.093521808,0.093521808,0.0,0.0,1.0,0.0
n479,43.2483,-89.4429,0.188627169,0.188627169,0.188627169,0.0,0.0,1.0,0.0
n480,43.2402,-89.2759,0.181834372,0.181834372,0.181834372,0.0,0.0,1.0,0.0
n481,43.2378,-89.2497,0.223211717,0.223211717,0.223211717,0.0,0.0,1.0,0.0
n482,43.2483,-89.4386,0.603609217,0.603609217,0.603609217,0.0,0.0,1.0,0.0
n483,43.2485,-89.4563,0.886550651,0.886550651,0.886550651,0.0,0.0,1.0,0.0
n484,43.247,-89.3862,1.248089224,1.248089224,1.248089224,0.0,0.0,1.0,0.0
n485,43.2401,-89.2906,0.130479998,0.130479998,0.130479998,0.0,0.0,1.0,0.0
n486,43.2417,-89.2849,1.902008698,1.902008698,1.902008698,0.0,0.0,1.0,0.0
n487,43.2449,-89.3884,0.083780205,0.083780205,0.083780205,0.0,0.0,1.0,0.0
n488,43.2444,-89.3787,0.594179719,0.594179719,0.594179719,0.0,0.0,1.0,0.0
n489,43.2485,-89.4659,0.867687505,0.867687505,0.867687505,0.0,0.0,1.0,0.0
n490,43.2404,-89.3136,0.117735759,0.117735759,0.117735759,0.0,0.0,1.0,0.0
n491,43.2453,-89.3995,0.24159902,0.24159902,0.24159902,0.0,0.0,1.0,0.0
n492,43.2446,-89.3693,1.310967816,1.310967816,1.310967816,0.0,0.0,1.0,0.0
n493,43.24,-89.3012,0.421272561,0.421272561,0.421272561,0.0,0.0,1.0,0.0
n494,43.2363,-89.2397,0.185486837,0.185486837,0.185486837,0.0,0.0,1.0,0.0
n495,43.2399,-89.3066,0.163479141,0.163479141,0.163479141,0.0,0.0,1.0,0.0
n496,43.2397,-89.3045,0.135184421,0.135184421,0.135184421,0.0,0.0,1.0,0.0
n497,43.2399,-89.3098,0.383546294,0.383546294,0.383546294,0.0,0.0,1.0,0.0
n498,43.2422,-89.3844,0.105212248,0.105212248,0.105212248,0.0,0.0,1.0,0.0
n499,43.2419,-89.3165,0.679064607,0.679064607,0.679064607,0.0,0.0,1.0,0.0
n500,43.2366,-89.2606,0.182342274,0.182342274,0.182342274,0.0,0.0,1.0,0.0
n501,43.2368,-89.2565,0.424417137,0.424417137,0.424417137,0.0,0.0,1.0,0.0
n502,43.2357,-89.2482,0.0,0,1.0,0.0,0.0,1.0,0.0
n503,43.2401,-89.3208,0.48100515,0.48100515,0.48100515,0.0,0.0,1.0,0.0
n504,43.2456,-89.4566,0.440131477,0.440131477,0.440131477,0.0,0.0,1.0,0.0
n505,43.244,-89.4188,0.320669156,0.320669156,0.320669156,0.0,0.0,1.0,0.0
n506,43.2475,-89.4838,0.355249446,0.355249446,0.355249446,0.0,0.0,1.0,0.0
n507,43.2355,-89.2521,0.213780843,0.213780843,0.213780843,0.0,0.0,1.0,0.0
n508,43.2444,-89.4337,0.222114945,0.222114945,0.222114945,0.0,0.0,1.0,0.0
n509,43.2414,-89.3756,0.267950857,0.267950857,0.267950857,0.0,0.0,1.0,0.0
n510,43.2405,-89.3693,0.264081144,0.264081144,0.264081144,0.0,0.0,1.0,0.0
n511,43.2462,-89.4956,0.064296393,0.064296393,0.064296393,0.0,0.0,1.0,0.0
n512,43.2441,-89.4526,0.065460217,0.065460217,0.065460217,0.0,0.0,1.0,0.0
n513,43.2446,-89.4431,0.260936568,0.260936568,0.260936568,0.0,0.0,1.0,0.0
n514,43.2447,-89.463,0.136386772,0.136386772,0.136386772,0.0,0.0,1.0,0.0
n515,43.2477,-89.4753,0.703362412,0.703362412,0.703362412,0.0,0.0,1.0,0.0
n516,43.2449,-89.4656,0.113177008,0.113177008,0.113177008,0.0,0.0,1.0,0.0
n517,43.2448,-89.4704,0.176053149,0.176053149,0.176053149,0.0,0.0,1.0,0.0
n518,43.2447,-89.4678,0.18234086,0.18234086,0.18234086,0.0,0.0,1.0,0.0
n519,43.2462,-89.5073,0.320667728,0.320667728,0.320667728,0.0,0.0,1.0,0.0
n520,43.2457,-89.4482,1.241802927,1.241802927,1.241802927,0.0,0.0,1.0,0.0
n521,43.2363,-89.3107,0.254650271,0.254650271,0.254650271,0.0,0.0,1.0,0.0
n522,43.233,-89.2427,0.25329209,0.25329209,0.25329209,0.0,0.0,1.0,0.0
n523,43.2456,-89.5031,0.157190016,0.157190016,0.157190016,0.0,0.0,1.0,0.0
n524,43.2447,-89.4835,0.214321318,0.214321318,0.214321318,0.0,0.0,1.0,0.0
n525,43.2363,-89.3132,0.075451994,0.075451994,0.075451994,0.0,0.0,1.0,0.0
n526,43.2407,-89.4047,0.213352245,0.213352245,0.213352245,0.0,0.0,1.0,0.0
n527,43.2416,-89.3976,0.596204817,0.596204817,0.596204817,0.0,0.0,1.0,0.0
n528,43.2365,-89.321,0.207493132,0.207493132,0.207493132,0.0,0.0,1.0,0.0
n529,43.2364,-89.3265,0.237703952,0.237703952,0.237703952,0.0,0.0,1.0,0.0
n530,43.2357,-89.282,0.525020541,0.525020541,0.525020541,0.0,0.0,1.0,0.0
n531,43.2428,-89.3925,0.719932593,0.719932593,0.719932593,0.0,0.0,1.0,0.0
n532,43.2444,-89.4981,0.146128367,0.146128367,0.146128367,0.0,0.0,1.0,0.0
n533,43.243,-89.4588,0.367826296,0.367826296,0.367826296,0.0,0.0,1.0,0.0
n534,43.2372,-89.3515,0.226013503,0.226013503,0.226013503,0.0,0.0,1.0,0.0
n535,43.2439,-89.5079,0.147759142,0.147759142,0.147759142,0.0,0.0,1.0,0.0
n536,43.2446,-89.513,0.333243151,0.333243151,0.333243151,0.0,0.0,1.0,0.0
n537,43.2409,-89.4347,0.130541981,0.130541981,0.130541981,0.0,0.0,1.0,0.0
n538,43.2398,-89.4133,0.229222024,0.229222024,0.229222024,0.0,0.0,1.0,0.0
n539,43.2387,-89.3785,0.4161265,0.4161265,0.4161265,0.0,0.0,1.0,0.0
n540,43.2302,-89.2387,0.270371671,0.270371671,0.270371671,0.0,0.0,1.0,0.0
n541,43.2372,-89.3727,0.367827697,0.367827697,0.367827697,0.0,0.0,1.0,0.0
n542,43.236,-89.3403,0.399267694,0.399267694,0.399267694,0.0,0.0,1.0,0.0
n543,43.2344,-89.2864,0.452027909,0.452027909,0.452027909,0.0,0.0,1.0,0.0
n544,43.2433,-89.5025,0.386689443,0.386689443,0.386689443,0.0,0.0,1.0,0.0
n545,43.242,-89.4853,0.499865439,0.499865439,0.499865439,0.0,0.0,1.0,0.0
n546,43.2348,-89.2913,0.933720509,0.933720509,0.933720509,0.0,0.0,1.0,0.0
n547,43.2412,-89.4627,0.148185597,0.148185597,0.148185597,0.0,0.0,1.0,0.0
n548,43.2411,-89.4558,0.38086042,0.38086042,0.38086042,0.0,0.0,1.0,0.0
n549,43.2388,-89.3862,1.329838021,1.329838021,1.329838021,0.0,0.0,1.0,0.0
n550,43.2439,-89.4783,0.492939618,0.492939618,0.492939618,0.0,0.0,1.0,0.0
n551,43.2296,-89.2435,0.352111956,0.352111956,0.352111956,0.0,0.0,1.0,0.0
n552,43.2374,-89.3925,0.62876572,0.62876572,0.62876572,0.0,0.0,1.0,0.0
n553,43.2347,-89.3507,0.411843115,0.411843115,0.411843115,0.0,0.0,1.0,0.0
n554,43.2337,-89.3064,0.357940727,0.357940727,0.357940727,0.0,0.0,1.0,0.0
n555,43.2346,-89.2963,0.529964175,0.529964175,0.529964175,0.0,0.0,1.0,0.0
n556,43.2404,-89.441,0.902276309,0.902276309,0.902276309,0.0,0.0,1.0,0.0
n557,43.2367,-89.3994,0.157819683,0.157819683,0.157819683,0.0,0.0,1.0,0.0
n558,43.2327,-89.3109,0.308096536,0.308096536,0.308096536,0.0,0.0,1.0,0.0
n559,43.2342,-89.3164,1.109775072,1.109775072,1.109775072,0.0,0.0,1.0,0.0
n560,43.2307,-89.2528,0.798538189,0.798538189,0.798538189,0.0,0.0,1.0,0.0
n561,43.24,-89.4846,0.201205421,0.201205421,0.201205421,0.0,0.0,1.0,0.0
n562,43.2395,-89.4478,0.370970845,0.370970845,0.370970845,0.0,0.0,1.0,0.0
n563,43.2358,-89.3587,0.550171385,0.550171385,0.550171385,0.0,0.0,1.0,0.0
n564,43.2329,-89.3214,0.298665691,0.298665691,0.298665691,0.0,0.0,1.0,0.0
n565,43.2344,-89.3019,0.7598745,0.7598745,0.7598745,0.0,0.0,1.0,0.0
n566,43.2324,-89.2608,2.200685543,2.200685543,2.200685543,0.0,0.0,1.0,0.0
n567,43.2291,-89.2471,0.179199126,0.179199126,0.179199126,0.0,0.0,1.0,0.0
n568,43.2421,-89.5311,0.147759142,0.147759142,0.147759142,0.0,0.0,1.0,0.0
n569,43.2368,-89.3665,0.760807693,0.760807693,0.760807693,0.0,0.0,1.0,0.0
n570,43.2385,-89.455,0.30856775,0.30856775,0.30856775,0.0,0.0,1.0,0.0
n571,43.2386,-89.4173,1.402146006,1.402146006,1.402146006,0.0,0.0,1.0,0.0
n572,43.2373,-89.4264,0.993450295,0.993450295,0.993450295,0.0,0.0,1.0,0.0
n573,43.2388,-89.4861,0.078595856,0.078595856,0.078595856,0.0,0.0,1.0,0.0
n574,43.2373,-89.434,0.320670558,0.320670558,0.320670558,0.0,0.0,1.0,0.0
n575,43.2412,-89.5158,0.12079951,0.12079951,0.12079951,0.0,0.0,1.0,0.0
n576,43.2326,-89.3369,0.641343971,0.641343971,0.641343971,0.0,0.0,1.0,0.0
n577,43.23,-89.3061,0.216925406,0.216925406,0.216925406,0.0,0.0,1.0,0.0
n578,43.2416,-89.5384,0.14807722,0.14807722,0.14807722,0.0,0.0,1.0,0.0
n579,43.2293,-89.2852,0.116904442,0.116904442,0.116904442,0.0,0.0,1.0,0.0
n580,43.2268,-89.2445,0.204351399,0.204351399,0.204351399,0.0,0.0,1.0,0.0
n581,43.2369,-89.442,0.598155357,0.598155357,0.598155357,0.0,0.0,1.0,0.0
n582,43.2319,-89.353,0.161717374,0.161717374,0.161717374,0.0,0.0,1.0,0.0
n583,43.229,-89.2886,0.181201448,0.181201448,0.181201448,0.0,0.0,1.0,0.0
n584,43.2294,-89.2936,0.600475931,0.600475931,0.600475931,0.0,0.0,1.0,0.0
n585,43.2395,-89.4713,0.424415708,0.424415708,0.424415708,0.0,0.0,1.0,0.0
n586,43.2397,-89.4687,0.231858294,0.231858294,0.231858294,0.0,0.0,1.0,0.0
n587,43.2383,-89.4649,0.883414563,0.883414563,0.883414563,0.0,0.0,1.0,0.0
n588,43.2378,-89.4783,0.550169985,0.550169985,0.550169985,0.0,0.0,1.0,0.0
n589,43.2401,-89.4745,0.647627411,0.647627411,0.647627411,0.0,0.0,1.0,0.0
n590,43.2394,-89.5035,0.56903173,0.56903173,0.56903173,0.0,0.0,1.0,0.0
n591,43.2341,-89.424,0.248363975,0.248363975,0.248363975,0.0,0.0,1.0,0.0
n592,43.2341,-89.4186,0.177303758,0.177303758,0.177303758,0.0,0.0,1.0,0.0
n593,43.2329,-89.2748,1.7174142,1.7174142,1.7174142,0.0,0.0,1.0,0.0
n594,43.2372,-89.4836,0.213353046,0.213353046,0.213353046,0.0,0.0,1.0,0.0
n595,43.2291,-89.3182,0.75138105,0.75138105,0.75138105,0.0,0.0,1.0,0.0
n596,43.2263,-89.2517,0.600477332,0.600477332,0.600477332,0.0,0.0,1.0,0.0
n597,43.2396,-89.4924,1.8831497,1.8831497,1.8831497,0.0,0.0,1.0,0.0
n598,43.2259,-89.2592,0.908576724,0.908576724,0.908576724,0.0,0.0,1.0,0.0
n599,43.2385,-89.499,0.619333419,0.619333419,0.619333419,0.0,0.0,1.0,0.0
n600,43.2359,-89.4585,0.41813084,0.41813084,0.41813084,0.0,0.0,1.0,0.0
n601,43.2399,-89.5339,0.682209156,0.682209156,0.682209156,0.0,0.0,1.0,0.0
n602,43.2384,-89.5183,0.307845757,0.307845757,0.307845757,0.0,0.0,1.0,0.0
n603,43.2276,-89.2795,0.14028533,0.14028533,0.14028533,0.0,0.0,1.0,0.0
n604,43.2266,-89.277,0.224067289,0.224067289,0.224067289,0.0,0.0,1.0,0.0
n605,43.2338,-89.4381,0.292377966,0.292377966,0.292377966,0.0,0.0,1.0,0.0
n606,43.2277,-89.2821,0.506161651,0.506161651,0.506161651,0.0,0.0,1.0,0.0
n607,43.2393,-89.5113,1.483891895,1.483891895,1.483891895,0.0,0.0,1.0,0.0
n608,43.2316,-89.4092,0.273514819,0.273514819,0.273514819,0.0,0.0,1.0,0.0
n609,43.2311,-89.4041,0.182343689,0.182343689,0.182343689,0.0,0.0,1.0,0.0
n610,43.2337,-89.4498,0.102268553,0.102268553,0.102268553,0.0,0.0,1.0,0.0
n611,43.233,-89.4133,0.521877393,0.521877393,0.521877393,0.0,0.0,1.0,0.0
n612,43.2263,-89.3162,0.21692682,0.21692682,0.21692682,0.0,0.0,1.0,0.0
n613,43.2389,-89.5231,0.479302972,0.479302972,0.479302972,0.0,0.0,1.0,0.0
n614,43.2278,-89.3097,0.216881938,0.216881938,0.216881938,0.0,0.0,1.0,0.0
n615,43.2388,-89.5272,0.48100515,0.48100515,0.48100515,0.0,0.0,1.0,0.0
n616,43.2371,-89.5317,0.286413697,0.286413697,0.286413697,0.0,0.0,1.0,0.0
n617,43.2312,-89.3757,2.272999239,2.272999239,2.272999239,0.0,0.0,1.0,0.0
n618,43.2348,-89.5137,0.068193732,0.068193732,0.068193732,0.0,0.0,1.0,0.0
n619,43.2342,-89.4891,0.169766853,0.169766853,0.169766853,0.0,0.0,1.0,0.0
n620,43.2249,-89.301,0.36154423,0.36154423,0.36154423,0.0,0.0,1.0,0.0
n621,43.2344,-89.5005,0.36240116,0.36240116,0.36240116,0.0,0.0,1.0,0.0
n622,43.2337,-89.4745,0.397473373,0.397473373,0.397473373,0.0,0.0,1.0,0.0
n623,43.2337,-89.4665,0.892853924,0.892853924,0.892853924,0.0,0.0,1.0,0.0
n624,43.2321,-89.3977,1.443023908,1.443023908,1.443023908,0.0,0.0,1.0,0.0
n625,43.2261,-89.3135,0.635060477,0.635060477,0.635060477,0.0,0.0,1.0,0.0
n626,43.2299,-89.4134,1.266972147,1.266972147,1.266972147,0.0,0.0,1.0,0.0
n627,43.2253,-89.3205,0.219236415,0.219236415,0.219236415,0.0,0.0,1.0,0.0
n628,43.2253,-89.291,1.013171833,1.013171833,1.013171833,0.0,0.0,1.0,0.0
n629,43.2343,-89.508,0.216271908,0.216271908,0.216271908,0.0,0.0,1.0,0.0
n630,43.2228,-89.2956,0.146157923,0.146157923,0.146157923,0.0,0.0,1.0,0.0
n631,43.2342,-89.5237,0.20458146,0.20458146,0.20458146,0.0,0.0,1.0,0.0
n632,43.2325,-89.431,0.844600172,0.844600172,0.844600172,0.0,0.0,1.0,0.0
n633,43.2292,-89.3288,2.067255444,2.067255444,2.067255444,0.0,0.0,1.0,0.0
n634,43.2262,-89.3689,0.181616659,0.181616659,0.181616659,0.0,0.0,1.0,0.0
n635,43.2303,-89.4242,0.428648749,0.428648749,0.428648749,0.0,0.0,1.0,0.0
n636,43.2218,-89.2479,0.741955862,0.741955862,0.741955862,0.0,0.0,1.0,0.0
n637,43.2221,-89.2871,0.245222228,0.245222228,0.245222228,0.0,0.0,1.0,0.0
n638,43.2302,-89.4469,0.635057674,0.635057674,0.635057674,0.0,0.0,1.0,0.0
n639,43.2316,-89.508,0.110034702,0.110034702,0.110034702,0.0,0.0,1.0,0.0
n640,43.227,-89.4038,0.276659396,0.276659396,0.276659396,0.0,0.0,1.0,0.0
n641,43.2302,-89.4581,0.405267852,0.405267852,0.405267852,0.0,0.0,1.0,0.0
n642,43.2264,-89.3636,0.188786594,0.188786594,0.188786594,0.0,0.0,1.0,0.0
n643,43.2328,-89.4825,0.255240058,0.255240058,0.255240058,0.0,0.0,1.0,0.0
n644,43.2296,-89.4385,0.713654757,0.713654757,0.713654757,0.0,0.0,1.0,0.0
n645,43.2272,-89.4191,0.14028533,0.14028533,0.14028533,0.0,0.0,1.0,0.0
n646,43.2272,-89.4149,0.229502257,0.229502257,0.229502257,0.0,0.0,1.0,0.0
n647,43.2202,-89.243,0.723092716,0.723092716,0.723092716,0.0,0.0,1.0,0.0
n648,43.2325,-89.4796,0.358398251,0.358398251,0.358398251,0.0,0.0,1.0,0.0
n649,43.2302,-89.4752,0.37019654,0.37019654,0.37019654,0.0,0.0,1.0,0.0
n650,43.2316,-89.4856,0.40721582,0.40721582,0.40721582,0.0,0.0,1.0,0.0
n651,43.222,-89.3307,0.34582706,0.34582706,0.34582706,0.0,0.0,1.0,0.0
n652,43.2217,-89.3186,0.17920054,0.17920054,0.17920054,0.0,0.0,1.0,0.0
n653,43.2201,-89.2524,0.826842098,0.826842098,0.826842098,0.0,0.0,1.0,0.0
n654,43.2274,-89.3563,0.787157478,0.787157478,0.787157478,0.0,0.0,1.0,0.0
n655,43.2209,-89.2595,0.697535106,0.697535106,0.697535106,0.0,0.0,1.0,0.0
n656,43.233,-89.5326,0.534452842,0.534452842,0.534452842,0.0,0.0,1.0,0.0
n657,43.2307,-89.4988,0.167563032,0.167563032,0.167563032,0.0,0.0,1.0,0.0
n658,43.2244,-89.3605,0.374121079,0.374121079,0.374121079,0.0,0.0,1.0,0.0
n659,43.2315,-89.4927,1.172655066,1.172655066,1.172655066,0.0,0.0,1.0,0.0
n660,43.225,-89.2681,2.357489853,2.357489853,2.357489853,0.0,0.0,1.0,0.0
n661,43.2213,-89.313,0.804833001,0.804833001,0.804833001,0.0,0.0,1.0,0.0
n662,43.2208,-89.3026,0.952596319,0.952596319,0.952596319,0.0,0.0,1.0,0.0
n663,43.2328,-89.5392,0.179252612,0.179252612,0.179252612,0.0,0.0,1.0,0.0
n664,43.2323,-89.5366,0.229911193,0.229911193,0.229911193,0.0,0.0,1.0,0.0
n665,43.2275,-89.4758,0.235757737,0.235757737,0.235757737,0.0,0.0,1.0,0.0
n666,43.228,-89.4422,0.300054752,0.300054752,0.300054752,0.0,0.0,1.0,0.0
n667,43.2195,-89.2758,0.688510971,0.688510971,0.688510971,0.0,0.0,1.0,0.0
n668,43.2257,-89.4122,0.657068173,0.657068173,0.657068173,0.0,0.0,1.0,0.0
n669,43.2229,-89.3683,0.537942176,0.537942176,0.537942176,0.0,0.0,1.0,0.0
n670,43.2208,-89.2792,0.338549187,0.338549187,0.338549187,0.0,0.0,1.0,0.0
n671,43.2268,-89.4521,0.201206836,0.201206836,0.201206836,0.0,0.0,1.0,0.0
n672,43.2206,-89.308,0.402416501,0.402416501,0.402416501,0.0,0.0,1.0,0.0
n673,43.2265,-89.4567,0.512449349,0.512449349,0.512449349,0.0,0.0,1.0,0.0
n674,43.2247,-89.3771,1.924046031,1.924046031,1.924046031,0.0,0.0,1.0,0.0
n675,43.2275,-89.4938,0.097438,0.097438,0.097438,0.0,0.0,1.0,0.0
n676,43.2286,-89.3883,4.778662258,4.778662258,4.778662258,0.0,0.0,1.0,0.0
n677,43.219,-89.2885,0.566013105,0.566013105,0.566013105,0.0,0.0,1.0,0.0
n678,43.2194,-89.2951,0.503434257,0.503434257,0.503434257,0.0,0.0,1.0,0.0
n679,43.2289,-89.5385,0.163480556,0.163480556,0.163480556,0.0,0.0,1.0,0.0
n680,43.2294,-89.5328,0.304953387,0.304953387,0.304953387,0.0,0.0,1.0,0.0
n681,43.2229,-89.3949,0.996607508,0.996607508,0.996607508,0.0,0.0,1.0,0.0
n682,43.2174,-89.3019,0.223298165,0.223298165,0.223298165,0.0,0.0,1.0,0.0
n683,43.23,-89.552,0.251508552,0.251508552,0.251508552,0.0,0.0,1.0,0.0
n684,43.2297,-89.5432,0.257796248,0.257796248,0.257796248,0.0,0.0,1.0,0.0
n685,43.2257,-89.4762,0.233445671,0.233445671,0.233445671,0.0,0.0,1.0,0.0
n686,43.224,-89.44,0.424421368,0.424421368,0.424421368,0.0,0.0,1.0,0.0
n687,43.2155,-89.2445,0.213357791,0.213357791,0.213357791,0.0,0.0,1.0,0.0
n688,43.2268,-89.482,0.166625118,0.166625118,0.166625118,0.0,0.0,1.0,0.0
n689,43.2159,-89.2569,0.500746386,0.500746386,0.500746386,0.0,0.0,1.0,0.0
n690,43.2268,-89.4883,0.317530238,0.317530238,0.317530238,0.0,0.0,1.0,0.0
n691,43.2265,-89.4848,0.28609167,0.28609167,0.28609167,0.0,0.0,1.0,0.0
n692,43.2176,-89.314,0.675935577,0.675935577,0.675935577,0.0,0.0,1.0,0.0
n693,43.2127,-89.2283,0.260943654,0.260943654,0.260943654,0.0,0.0,1.0,0.0
n694,43.2232,-89.4238,0.34582566,0.34582566,0.34582566,0.0,0.0,1.0,0.0
n695,43.2227,-89.4061,1.037478406,1.037478406,1.037478406,0.0,0.0,1.0,0.0
n696,43.2193,-89.3208,0.619346136,0.619346136,0.619346136,0.0,0.0,1.0,0.0
n697,43.2161,-89.2621,0.216276284,0.216276284,0.216276284,0.0,0.0,1.0,0.0
n698,43.2268,-89.5084,0.243595002,0.243595002,0.243595002,0.0,0.0,1.0,0.0
n699,43.2254,-89.4299,1.314136345,1.314136345,1.314136345,0.0,0.0,1.0,0.0
n700,43.2221,-89.4191,0.149878686,0.149878686,0.149878686,0.0,0.0,1.0,0.0
n701,43.2202,-89.3898,0.160337394,0.160337394,0.160337394,0.0,0.0,1.0,0.0
n702,43.2192,-89.3271,0.689442405,0.689442405,0.689442405,0.0,0.0,1.0,0.0
n703,43.2274,-89.5385,0.210639109,0.210639109,0.210639109,0.0,0.0,1.0,0.0
n704,43.2143,-89.2402,0.231299842,0.231299842,0.231299842,0.0,0.0,1.0,0.0
n705,43.226,-89.4961,0.587903338,0.587903338,0.587903338,0.0,0.0,1.0,0.0
n706,43.2222,-89.4288,0.584760189,0.584760189,0.584760189,0.0,0.0,1.0,0.0
n707,43.2199,-89.3844,0.257799078,0.257799078,0.257799078,0.0,0.0,1.0,0.0
n708,43.215,-89.251,0.603628994,0.603628994,0.603628994,0.0,0.0,1.0,0.0
n709,43.2126,-89.2129,0.243334482,0.243334482,0.243334482,0.0,0.0,1.0,0.0
n710,43.2285,-89.5029,1.433601522,1.433601522,1.433601522,0.0,0.0,1.0,0.0
n711,43.22,-89.4041,0.09352443,0.09352443,0.09352443,0.0,0.0,1.0,0.0
n712,43.215,-89.2959,0.0,0,1.0,0.0,0.0,1.0,0.0
n713,43.2145,-89.2665,0.537607254,0.537607254,0.537607254,0.0,0.0,1.0,0.0
n714,43.2236,-89.4755,0.468436759,0.468436759,0.468436759,0.0,0.0,1.0,0.0
n715,43.2258,-89.4476,0.471516342,0.471516342,0.471516342,0.0,0.0,1.0,0.0
n716,43.2218,-89.4416,0.537604451,0.537604451,0.537604451,0.0,0.0,1.0,0.0
n717,43.2146,-89.2839,0.493593262,0.493593262,0.493593262,0.0,0.0,1.0,0.0
n718,43.2289,-89.512,1.804578053,1.804578053,1.804578053,0.0,0.0,1.0,0.0
n719,43.2224,-89.4479,0.157194245,0.157194245,0.157194245,0.0,0.0,1.0,0.0
n720,43.2185,-89.3587,0.426705155,0.426705155,0.426705155,0.0,0.0,1.0,0.0
n721,43.2142,-89.2793,0.20983127,0.20983127,0.20983127,0.0,0.0,1.0,0.0
n722,43.2106,-89.2282,0.326966743,0.326966743,0.326966743,0.0,0.0,1.0,0.0
n723,43.2231,-89.4564,0.95573812,0.95573812,0.95573812,0.0,0.0,1.0,0.0
n724,43.2143,-89.2907,0.534462703,0.534462703,0.534462703,0.0,0.0,1.0,0.0
n725,43.2125,-89.247,0.32797277,0.32797277,0.32797277,0.0,0.0,1.0,0.0
n726,43.2259,-89.5415,0.096979952,0.096979952,0.096979952,0.0,0.0,1.0,0.0
n727,43.2228,-89.4641,0.477869061,0.477869061,0.477869061,0.0,0.0,1.0,0.0
n728,43.2198,-89.4239,0.216928235,0.216928235,0.216928235,0.0,0.0,1.0,0.0
n729,43.2118,-89.2555,0.190435755,0.190435755,0.190435755,0.0,0.0,1.0,0.0
n730,43.2274,-89.4666,2.332740341,2.332740341,2.332740341,0.0,0.0,1.0,0.0
n731,43.2261,-89.5268,0.093523553,0.093523553,0.093523553,0.0,0.0,1.0,0.0
n732,43.2287,-89.5212,3.068406997,3.068406997,3.068406997,0.0,0.0,1.0,0.0
n733,43.2148,-89.3262,0.345828488,0.345828488,0.345828488,0.0,0.0,1.0,0.0
n734,43.2217,-89.4792,0.072091602,0.072091602,0.072091602,0.0,0.0,1.0,0.0
n735,43.2139,-89.2757,0.396131605,0.396131605,0.396131605,0.0,0.0,1.0,0.0
n736,43.223,-89.4937,0.446430491,0.446430491,0.446430491,0.0,0.0,1.0,0.0
n737,43.2112,-89.2675,0.5564704,0.5564704,0.5564704,0.0,0.0,1.0,0.0
n738,43.2112,-89.2596,0.15516966,0.15516966,0.15516966,0.0,0.0,1.0,0.0
n739,43.2113,-89.2792,0.157195661,0.157195661,0.157195661,0.0,0.0,1.0,0.0
n740,43.2111,-89.2624,0.082874626,0.082874626,0.082874626,0.0,0.0,1.0,0.0
n741,43.2177,-89.4041,0.323820764,0.323820764,0.323820764,0.0,0.0,1.0,0.0
n742,43.2185,-89.3732,2.298186888,2.298186888,2.298186888,0.0,0.0,1.0,0.0
n743,43.219,-89.4286,0.361547058,0.361547058,0.361547058,0.0,0.0,1.0,0.0
n744,43.2224,-89.508,0.26722995,0.26722995,0.26722995,0.0,0.0,1.0,0.0
n745,43.2225,-89.5015,0.657071028,0.657071028,0.657071028,0.0,0.0,1.0,0.0
n746,43.2191,-89.4383,0.248366804,0.248366804,0.248366804,0.0,0.0,1.0,0.0
n747,43.2183,-89.3966,0.731762341,0.731762341,0.731762341,0.0,0.0,1.0,0.0
n748,43.219,-89.4434,0.402417902,0.402417902,0.402417902,0.0,0.0,1.0,0.0
n749,43.2157,-89.3694,0.499879559,0.499879559,0.499879559,0.0,0.0,1.0,0.0
n750,43.215,-89.3636,0.304957645,0.304957645,0.304957645,0.0,0.0,1.0,0.0
n751,43.2079,-89.2133,0.241572402,0.241572402,0.241572402,0.0,0.0,1.0,0.0
n752,43.2222,-89.5176,0.137535427,0.137535427,0.137535427,0.0,0.0,1.0,0.0
n753,43.2199,-89.4745,0.386697903,0.386697903,0.386697903,0.0,0.0,1.0,0.0
n754,43.2167,-89.3868,1.232405977,1.232405977,1.232405977,0.0,0.0,1.0,0.0
n755,43.2079,-89.2233,0.352119015,0.352119015,0.352119015,0.0,0.0,1.0,0.0
n756,43.2079,-89.2188,0.355263591,0.355263591,0.355263591,0.0,0.0,1.0,0.0
n757,43.2189,-89.4474,0.166626519,0.166626519,0.166626519,0.0,0.0,1.0,0.0
n758,43.2184,-89.4331,0.591050743,0.591050743,0.591050743,0.0,0.0,1.0,0.0
n759,43.2249,-89.529,0.432548192,0.432548192,0.432548192,0.0,0.0,1.0,0.0
n760,43.2145,-89.3565,0.34292495,0.34292495,0.34292495,0.0,0.0,1.0,0.0
n761,43.208,-89.2512,0.326968171,0.326968171,0.326968171,0.0,0.0,1.0,0.0
n762,43.2248,-89.5783,0.367833355,0.367833355,0.367833355,0.0,0.0,1.0,0.0
n763,43.2186,-89.4156,1.408461941,1.408461941,1.408461941,0.0,0.0,1.0,0.0
n764,43.2151,-89.3992,0.130545489,0.130545489,0.130545489,0.0,0.0,1.0,0.0
n765,43.2233,-89.5388,1.037478406,1.037478406,1.037478406,0.0,0.0,1.0,0.0
n766,43.22,-89.499,0.314388491,0.314388491,0.314388491,0.0,0.0,1.0,0.0
n767,43.2129,-89.3167,0.31667807,0.31667807,0.31667807,0.0,0.0,1.0,0.0
n768,43.2075,-89.2421,1.194689599,1.194689599,1.194689599,0.0,0.0,1.0,0.0
n769,43.2056,-89.2226,0.113181387,0.113181387,0.113181387,0.0,0.0,1.0,0.0
n770,43.2229,-89.548,0.603623336,0.603623336,0.603623336,0.0,0.0,1.0,0.0
n771,43.2158,-89.4305,0.177307265,0.177307265,0.177307265,0.0,0.0,1.0,0.0
n772,43.2229,-89.5568,0.198063688,0.198063688,0.198063688,0.0,0.0,1.0,0.0
n773,43.2114,-89.3261,0.562759553,0.562759553,0.562759553,0.0,0.0,1.0,0.0
n774,43.2197,-89.4937,0.214326561,0.214326561,0.214326561,0.0,0.0,1.0,0.0
n775,43.2195,-89.4903,0.210640525,0.210640525,0.210640525,0.0,0.0,1.0,0.0
n776,43.2183,-89.4591,0.372149752,0.372149752,0.372149752,0.0,0.0,1.0,0.0
n777,43.2158,-89.4135,0.584764393,0.584764393,0.584764393,0.0,0.0,1.0,0.0
n778,43.2139,-89.3939,0.206304735,0.206304735,0.206304735,0.0,0.0,1.0,0.0
n779,43.2135,-89.3743,0.465297868,0.465297868,0.465297868,0.0,0.0,1.0,0.0
n780,43.2198,-89.4873,0.145470635,0.145470635,0.145470635,0.0,0.0,1.0,0.0
n781,43.2119,-89.3204,0.36323885,0.36323885,0.36323885,0.0,0.0,1.0,0.0
n782,43.2231,-89.5734,0.250385166,0.250385166,0.250385166,0.0,0.0,1.0,0.0
n783,43.22,-89.5329,0.155653163,0.155653163,0.155653163,0.0,0.0,1.0,0.0
n784,43.2044,-89.213,0.171041028,0.171041028,0.171041028,0.0,0.0,1.0,0.0
n785,43.216,-89.451,0.245223655,0.245223655,0.245223655,0.0,0.0,1.0,0.0
n786,43.2128,-89.3988,0.201209651,0.201209651,0.201209651,0.0,0.0,1.0,0.0
n787,43.2076,-89.2728,0.64450404,0.64450404,0.64450404,0.0,0.0,1.0,0.0
n788,43.2117,-89.3103,1.298434777,1.298434777,1.298434777,0.0,0.0,1.0,0.0
n789,43.2047,-89.2195,0.54704381,0.54704381,0.54704381,0.0,0.0,1.0,0.0
n790,43.2172,-89.4751,0.389685876,0.389685876,0.389685876,0.0,0.0,1.0,0.0
n791,43.2182,-89.4534,0.56601389,0.56601389,0.56601389,0.0,0.0,1.0,0.0
n792,43.2227,-89.5856,0.295523943,0.295523943,0.295523943,0.0,0.0,1.0,0.0
n793,43.2217,-89.5657,1.405311733,1.405311733,1.405311733,0.0,0.0,1.0,0.0
n794,43.2195,-89.5445,0.094316548,0.094316548,0.094316548,0.0,0.0,1.0,0.0
n795,43.2103,-89.3655,0.23771008,0.23771008,0.23771008,0.0,0.0,1.0,0.0
n796,43.211,-89.3605,0.16756567,0.16756567,0.16756567,0.0,0.0,1.0,0.0
n797,43.2093,-89.3147,0.713667475,0.713667475,0.713667475,0.0,0.0,1.0,0.0
n798,43.2171,-89.4664,1.804592171,1.804592171,1.804592171,0.0,0.0,1.0,0.0
n799,43.2162,-89.4938,0.440345342,0.440345342,0.440345342,0.0,0.0,1.0,0.0
n800,43.2059,-89.3105,0.449583528,0.449583528,0.449583528,0.0,0.0,1.0,0.0
n801,43.2208,-89.5801,0.795403502,0.795403502,0.795403502,0.0,0.0,1.0,0.0
n802,43.2079,-89.3306,1.688288518,1.688288518,1.688288518,0.0,0.0,1.0,0.0
n803,43.2146,-89.4906,0.264986914,0.264986914,0.264986914,0.0,0.0,1.0,0.0
n804,43.2094,-89.4043,0.081834599,0.081834599,0.081834599,0.0,0.0,1.0,0.0
n805,43.2109,-89.3905,0.668288783,0.668288783,0.668288783,0.0,0.0,1.0,0.0
n806,43.2047,-89.2987,0.236282998,0.236282998,0.236282998,0.0,0.0,1.0,0.0
n807,43.2044,-89.2906,0.779699077,0.779699077,0.779699077,0.0,0.0,1.0,0.0
n808,43.2183,-89.572,0.304957645,0.304957645,0.304957645,0.0,0.0,1.0,0.0
n809,43.2136,-89.4576,0.403967661,0.403967661,0.403967661,0.0,0.0,1.0,0.0
n810,43.217,-89.5475,0.352116186,0.352116186,0.352116186,0.0,0.0,1.0,0.0
n811,43.2089,-89.3991,0.270377329,0.270377329,0.270377329,0.0,0.0,1.0,0.0
n812,43.2128,-89.406,0.968372937,0.968372937,0.968372937,0.0,0.0,1.0,0.0
n813,43.2171,-89.536,0.98785262,0.98785262,0.98785262,0.0,0.0,1.0,0.0
n814,43.2113,-89.4558,0.468442418,0.468442418,0.468442418,0.0,0.0,1.0,0.0
n815,43.212,-89.469,0.591053546,0.591053546,0.591053546,0.0,0.0,1.0,0.0
n816,43.2031,-89.3013,0.086401947,0.086401947,0.086401947,0.0,0.0,1.0,0.0
n817,43.2133,-89.4827,0.198740177,0.198740177,0.198740177,0.0,0.0,1.0,0.0
n818,43.2075,-89.3905,0.47787612,0.47787612,0.47787612,0.0,0.0,1.0,0.0
n819,43.2158,-89.558,0.242080508,0.242080508,0.242080508,0.0,0.0,1.0,0.0
n820,43.2069,-89.3988,0.110037389,0.110037389,0.110037389,0.0,0.0,1.0,0.0
n821,43.2044,-89.2406,5.215793255,5.215793255,5.215793255,0.0,0.0,1.0,0.0
n822,43.2118,-89.4852,0.107589159,0.107589159,0.107589159,0.0,0.0,1.0,0.0
n823,43.2075,-89.4045,0.229506486,0.229506486,0.229506486,0.0,0.0,1.0,0.0
n824,43.2019,-89.2973,0.226363339,0.226363339,0.226363339,0.0,0.0,1.0,0.0
n825,43.2118,-89.4932,0.185491081,0.185491081,0.185491081,0.0,0.0,1.0,0.0
n826,43.2035,-89.2718,3.760154399,3.760154399,3.760154399,0.0,0.0,1.0,0.0
n827,43.2135,-89.4422,1.15319331,1.15319331,1.15319331,0.0,0.0,1.0,0.0
n828,43.2081,-89.4124,0.187050613,0.187050613,0.187050613,0.0,0.0,1.0,0.0
n829,43.2107,-89.4186,1.219837586,1.219837586,1.219837586,0.0,0.0,1.0,0.0
n830,43.2148,-89.544,0.204354214,0.204354214,0.204354214,0.0,0.0,1.0,0.0
n831,43.2037,-89.3283,0.497253302,0.497253302,0.497253302,0.0,0.0,1.0,0.0
n832,43.2156,-89.5753,0.179201955,0.179201955,0.179201955,0.0,0.0,1.0,0.0
n833,43.215,-89.5722,0.308102194,0.308102194,0.308102194,0.0,0.0,1.0,0.0
n834,43.2135,-89.5474,0.120803008,0.120803008,0.120803008,0.0,0.0,1.0,0.0
n835,43.2119,-89.5091,0.361549888,0.361549888,0.361549888,0.0,0.0,1.0,0.0
n836,43.2108,-89.4302,1.603568648,1.603568648,1.603568648,0.0,0.0,1.0,0.0
n837,43.2049,-89.3649,0.286097327,0.286097327,0.286097327,0.0,0.0,1.0,0.0
n838,43.2041,-89.3562,0.216931065,0.216931065,0.216931065,0.0,0.0,1.0,0.0
n839,43.2115,-89.4891,0.547040956,0.547040956,0.547040956,0.0,0.0,1.0,0.0
n840,43.2104,-89.4655,0.770258316,0.770258316,0.770258316,0.0,0.0,1.0,0.0
n841,43.2165,-89.5825,0.459008716,0.459008716,0.459008716,0.0,0.0,1.0,0.0
n842,43.2145,-89.5797,0.141475675,0.141475675,0.141475675,0.0,0.0,1.0,0.0
n843,43.2159,-89.5778,0.242080508,0.242080508,0.242080508,0.0,0.0,1.0,0.0
n844,43.2129,-89.5004,1.298433269,1.298433269,1.298433269,0.0,0.0,1.0,0.0
n845,43.2083,-89.439,0.350896391,0.350896391,0.350896391,0.0,0.0,1.0,0.0
n846,43.2044,-89.3682,0.194923354,0.194923354,0.194923354,0.0,0.0,1.0,0.0
n847,43.2013,-89.3255,0.086401947,0.086401947,0.086401947,0.0,0.0,1.0,0.0
n848,43.2095,-89.4834,0.292383624,0.292383624,0.292383624,0.0,0.0,1.0,0.0
n849,43.2111,-89.5185,0.187050613,0.187050613,0.187050613,0.0,0.0,1.0,0.0
n850,43.2091,-89.4488,0.694805782,0.694805782,0.694805782,0.0,0.0,1.0,0.0
n851,43.2057,-89.4236,0.094317964,0.094317964,0.094317964,0.0,0.0,1.0,0.0
n852,43.2021,-89.3057,0.836287063,0.836287063,0.836287063,0.0,0.0,1.0,0.0
n853,43.2004,-89.3019,0.109325577,0.109325577,0.109325577,0.0,0.0,1.0,0.0
n854,43.2144,-89.5645,0.477873264,0.477873264,0.477873264,0.0,0.0,1.0,0.0
n855,43.2105,-89.4787,0.367837586,0.367837586,0.367837586,0.0,0.0,1.0,0.0
n856,43.2079,-89.4539,0.462156121,0.462156121,0.462156121,0.0,0.0,1.0,0.0
n857,43.2136,-89.5978,0.056839657,0.056839657,0.056839657,0.0,0.0,1.0,0.0
n858,43.2103,-89.4745,0.694804329,0.694804329,0.694804329,0.0,0.0,1.0,0.0
n859,43.2027,-89.3642,0.198067917,0.198067917,0.198067917,0.0,0.0,1.0,0.0
n860,43.2158,-89.5243,2.31704567,2.31704567,2.31704567,0.0,0.0,1.0,0.0
n861,43.2037,-89.3736,0.814279366,0.814279366,0.814279366,0.0,0.0,1.0,0.0
n862,43.2117,-89.5434,0.23771008,0.23771008,0.23771008,0.0,0.0,1.0,0.0
n863,43.2073,-89.4671,0.51245781,0.51245781,0.51245781,0.0,0.0,1.0,0.0
n864,43.2125,-89.5493,0.278627067,0.278627067,0.278627067,0.0,0.0,1.0,0.0
n865,43.2075,-89.48,0.270377329,0.270377329,0.270377329,0.0,0.0,1.0,0.0
n866,43.2124,-89.5575,0.141063549,0.141063549,0.141063549,0.0,0.0,1.0,0.0
n867,43.2138,-89.5546,0.430714723,0.430714723,0.430714723,0.0,0.0,1.0,0.0
n868,43.2188,-89.554,2.106405213,2.106405213,2.106405213,0.0,0.0,1.0,0.0
n869,43.2044,-89.4006,0.346825262,0.346825262,0.346825262,0.0,0.0,1.0,0.0
n870,43.2118,-89.5621,0.348973038,0.348973038,0.348973038,0.0,0.0,1.0,0.0
n871,43.2093,-89.5228,0.126648667,0.126648667,0.126648667,0.0,0.0,1.0,0.0
n872,43.2081,-89.4897,0.741965724,0.741965724,0.741965724,0.0,0.0,1.0,0.0
n873,43.2009,-89.3694,0.377271287,0.377271287,0.377271287,0.0,0.0,1.0,0.0
n874,43.197,-89.2661,0.628791101,0.628791101,0.628791101,0.0,0.0,1.0,0.0
n875,43.2087,-89.5137,0.24359956,0.24359956,0.24359956,0.0,0.0,1.0,0.0
n876,43.2008,-89.3121,1.311024291,1.311024291,1.311024291,0.0,0.0,1.0,0.0
n877,43.2116,-89.5737,0.5721918,0.5721918,0.5721918,0.0,0.0,1.0,0.0
n878,43.204,-89.4075,0.993482736,0.993482736,0.993482736,0.0,0.0,1.0,0.0
n879,43.2024,-89.3187,1.700875231,1.700875231,1.700875231,0.0,0.0,1.0,0.0
n880,43.1997,-89.3676,0.109325577,0.109325577,0.109325577,0.0,0.0,1.0,0.0
n881,43.1972,-89.306,0.421290937,0.421290937,0.421290937,0.0,0.0,1.0,0.0
n882,43.2112,-89.5871,0.103267779,0.103267779,0.103267779,0.0,0.0,1.0,0.0
n883,43.1987,-89.329,0.255680885,0.255680885,0.255680885,0.0,0.0,1.0,0.0
n884,43.2085,-89.5444,0.330111319,0.330111319,0.330111319,0.0,0.0,1.0,0.0
n885,43.2054,-89.4843,0.289241878,0.289241878,0.289241878,0.0,0.0,1.0,0.0
n886,43.2044,-89.46,0.254658758,0.254658758,0.254658758,0.0,0.0,1.0,0.0
n887,43.2032,-89.3589,1.17583211,1.17583211,1.17583211,0.0,0.0,1.0,0.0
n888,43.2106,-89.5844,0.175360165,0.175360165,0.175360165,0.0,0.0,1.0,0.0
n889,43.2109,-89.5801,0.650790337,0.650790337,0.650790337,0.0,0.0,1.0,0.0
n890,43.2088,-89.5635,0.16172088,0.16172088,0.16172088,0.0,0.0,1.0,0.0
n891,43.208,-89.5361,0.134443179,0.134443179,0.134443179,0.0,0.0,1.0,0.0
n892,43.2103,-89.5314,1.719720001,1.719720001,1.719720001,0.0,0.0,1.0,0.0
n893,43.2044,-89.4549,0.735680829,0.735680829,0.735680829,0.0,0.0,1.0,0.0
n894,43.1982,-89.3572,0.09431867,0.09431867,0.09431867,0.0,0.0,1.0,0.0
n895,43.2111,-89.5978,0.361549888,0.361549888,0.361549888,0.0,0.0,1.0,0.0
n896,43.2082,-89.5545,0.352119015,0.352119015,0.352119015,0.0,0.0,1.0,0.0
n897,43.2037,-89.4738,0.109324783,0.109324783,0.109324783,0.0,0.0,1.0,0.0
n898,43.2026,-89.4229,0.163670601,0.163670601,0.163670601,0.0,0.0,1.0,0.0
n899,43.1978,-89.3257,0.1375386,0.1375386,0.1375386,0.0,0.0,1.0,0.0
n900,43.1967,-89.3157,0.352123245,0.352123245,0.352123245,0.0,0.0,1.0,0.0
n901,43.2079,-89.5396,0.430717553,0.430717553,0.430717553,0.0,0.0,1.0,0.0
n902,43.2049,-89.478,0.338554718,0.338554718,0.338554718,0.0,0.0,1.0,0.0
n903,43.2007,-89.4034,0.138340868,0.138340868,0.138340868,0.0,0.0,1.0,0.0
n904,43.1963,-89.3214,0.267237011,0.267237011,0.267237011,0.0,0.0,1.0,0.0
n905,43.207,-89.5209,0.779693419,0.779693419,0.779693419,0.0,0.0,1.0,0.0
n906,43.2047,-89.4921,0.374128138,0.374128138,0.374128138,0.0,0.0,1.0,0.0
n907,43.2027,-89.4193,0.485166147,0.485166147,0.485166147,0.0,0.0,1.0,0.0
n908,43.2079,-89.5843,0.0,0,1.0,0.0,0.0,1.0,0.0
n909,43.2045,-89.4975,0.19874193,0.19874193,0.19874193,0.0,0.0,1.0,0.0
n910,43.2068,-89.5715,0.216277168,0.216277168,0.216277168,0.0,0.0,1.0,0.0
n911,43.2056,-89.5433,0.273521906,0.273521906,0.273521906,0.0,0.0,1.0,0.0
n912,43.2058,-89.5088,0.899162799,0.899162799,0.899162799,0.0,0.0,1.0,0.0
n913,43.207,-89.5791,0.173412196,0.173412196,0.173412196,0.0,0.0,1.0,0.0
n914,43.1976,-89.3518,0.990345246,0.990345246,0.990345246,0.0,0.0,1.0,0.0
n915,43.2108,-89.5921,0.317596085,0.317596085,0.317596085,0.0,0.0,1.0,0.0
n916,43.2093,-89.5951,0.251512781,0.251512781,0.251512781,0.0,0.0,1.0,0.0
n917,43.209,-89.5889,0.175360165,0.175360165,0.175360165,0.0,0.0,1.0,0.0
n918,43.1973,-89.3781,0.697958793,0.697958793,0.697958793,0.0,0.0,1.0,0.0
n919,43.1952,-89.3558,0.27038156,0.27038156,0.27038156,0.0,0.0,1.0,0.0
n920,43.1933,-89.3209,0.116908825,0.116908825,0.116908825,0.0,0.0,1.0,0.0
n921,43.1923,-89.2902,0.188638473,0.188638473,0.188638473,0.0,0.0,1.0,0.0
n922,43.2072,-89.5914,0.1071646,0.1071646,0.1071646,0.0,0.0,1.0,0.0
n923,43.2049,-89.5478,0.176060221,0.176060221,0.176060221,0.0,0.0,1.0,0.0
n924,43.1984,-89.4069,0.789131325,0.789131325,0.789131325,0.0,0.0,1.0,0.0
n925,43.1932,-89.3317,0.248373863,0.248373863,0.248373863,0.0,0.0,1.0,0.0
n926,43.2033,-89.5438,0.352120443,0.352120443,0.352120443,0.0,0.0,1.0,0.0
n927,43.2042,-89.5307,1.103519816,1.103519816,1.103519816,0.0,0.0,1.0,0.0
n928,43.197,-89.3853,0.526087509,0.526087509,0.526087509,0.0,0.0,1.0,0.0
n929,43.1962,-89.4095,0.083784321,0.083784321,0.083784321,0.0,0.0,1.0,0.0
n930,43.2047,-89.5681,0.421286679,0.421286679,0.421286679,0.0,0.0,1.0,0.0
n931,43.1905,-89.2587,0.858304674,0.858304674,0.858304674,0.0,0.0,1.0,0.0
n932,43.2014,-89.5049,0.315650755,0.315650755,0.315650755,0.0,0.0,1.0,0.0
n933,43.1971,-89.3995,0.550192563,0.550192563,0.550192563,0.0,0.0,1.0,0.0
n934,43.201,-89.3853,6.627428146,6.627428146,6.627428146,0.0,0.0,1.0,0.0
n935,43.201,-89.5107,0.31439415,0.31439415,0.31439415,0.0,0.0,1.0,0.0
n936,43.2004,-89.4844,0.190438128,0.190438128,0.190438128,0.0,0.0,1.0,0.0
n937,43.2039,-89.5745,0.251351118,0.251351118,0.251351118,0.0,0.0,1.0,0.0
n938,43.2007,-89.5186,0.455871226,0.455871226,0.455871226,0.0,0.0,1.0,0.0
n939,43.2014,-89.524,0.694811388,0.694811388,0.694811388,0.0,0.0,1.0,0.0
n940,43.1985,-89.5037,0.443297232,0.443297232,0.443297232,0.0,0.0,1.0,0.0
n941,43.1989,-89.4752,0.088165608,0.088165608,0.088165608,0.0,0.0,1.0,0.0
n942,43.1988,-89.4732,0.0,0,1.0,0.0,0.0,1.0,0.0
n943,43.1936,-89.4017,1.421071286,1.421071286,1.421071286,0.0,0.0,1.0,0.0
n944,43.2034,-89.5643,0.48126844,0.48126844,0.48126844,0.0,0.0,1.0,0.0
n945,43.2003,-89.537,1.210418004,1.210418004,1.210418004,0.0,0.0,1.0,0.0
n946,43.1993,-89.44,1.399057877,1.399057877,1.399057877,0.0,0.0,1.0,0.0
n947,43.1996,-89.4346,1.075230134,1.075230134,1.075230134,0.0,0.0,1.0,0.0
n948,43.194,-89.4137,0.389852368,0.389852368,0.389852368,0.0,0.0,1.0,0.0
n949,43.2008,-89.5686,0.237511979,0.237511979,0.237511979,0.0,0.0,1.0,0.0
n950,43.1978,-89.5188,0.101320687,0.101320687,0.101320687,0.0,0.0,1.0,0.0
n951,43.1859,-89.2728,0.204359872,0.204359872,0.204359872,0.0,0.0,1.0,0.0
n952,43.1987,-89.4205,4.687630967,4.687630967,4.687630967,0.0,0.0,1.0,0.0
n953,43.192,-89.4155,0.113183083,0.113183083,0.113183083,0.0,0.0,1.0,0.0
n954,43.1977,-89.4302,0.925739699,0.925739699,0.925739699,0.0,0.0,1.0,0.0
n955,43.1898,-89.3305,0.231869682,0.231869682,0.231869682,0.0,0.0,1.0,0.0
n956,43.1901,-89.327,0.401387679,0.401387679,0.401387679,0.0,0.0,1.0,0.0
n957,43.1862,-89.293,0.374135199,0.374135199,0.374135199,0.0,0.0,1.0,0.0
n958,43.1955,-89.4453,0.305910045,0.305910045,0.305910045,0.0,0.0,1.0,0.0
n959,43.194,-89.4387,0.572201715,0.572201715,0.572201715,0.0,0.0,1.0,0.0
n960,43.1909,-89.365,1.053230844,1.053230844,1.053230844,0.0,0.0,1.0,0.0
n961,43.188,-89.3327,0.185495312,0.185495312,0.185495312,0.0,0.0,1.0,0.0
n962,43.1912,-89.3179,1.546839679,1.546839679,1.546839679,0.0,0.0,1.0,0.0
n963,43.2026,-89.5833,1.178976605,1.178976605,1.178976605,0.0,0.0,1.0,0.0
n964,43.2009,-89.5784,0.167294633,0.167294633,0.167294633,0.0,0.0,1.0,0.0
n965,43.1999,-89.574,0.499888073,0.499888073,0.499888073,0.0,0.0,1.0,0.0
n966,43.1983,-89.496,0.990345246,0.990345246,0.990345246,0.0,0.0,1.0,0.0
n967,43.1876,-89.3166,0.0,0,1.0,0.0,0.0,1.0,0.0
n968,43.203,-89.5582,1.779475223,1.779475223,1.779475223,0.0,0.0,1.0,0.0
n969,43.1903,-89.3936,0.134444924,0.134444924,0.134444924,0.0,0.0,1.0,0.0
n970,43.1875,-89.2995,0.798789379,0.798789379,0.798789379,0.0,0.0,1.0,0.0
n971,43.2014,-89.5962,0.424432657,0.424432657,0.424432657,0.0,0.0,1.0,0.0
n972,43.1946,-89.4999,0.066248127,0.066248127,0.066248127,0.0,0.0,1.0,0.0
n973,43.1967,-89.525,0.914891258,0.914891258,0.914891258,0.0,0.0,1.0,0.0
n974,43.1896,-89.3892,0.512469126,0.512469126,0.512469126,0.0,0.0,1.0,0.0
n975,43.1929,-89.4834,0.119470795,0.119470795,0.119470795,0.0,0.0,1.0,0.0
n976,43.1975,-89.4785,1.355043887,1.355043887,1.355043887,0.0,0.0,1.0,0.0
n977,43.199,-89.5883,0.301527373,0.301527373,0.301527373,0.0,0.0,1.0,0.0
n978,43.1998,-89.5919,0.204357044,0.204357044,0.204357044,0.0,0.0,1.0,0.0
n979,43.1945,-89.4951,0.22991996,0.22991996,0.22991996,0.0,0.0,1.0,0.0
n980,43.1939,-89.4919,0.342692399,0.342692399,0.342692399,0.0,0.0,1.0,0.0
n981,43.1977,-89.5683,0.484169476,0.484169476,0.484169476,0.0,0.0,1.0,0.0
n982,43.1975,-89.4867,2.181897248,2.181897248,2.181897248,0.0,0.0,1.0,0.0
n983,43.1871,-89.3889,0.091175657,0.091175657,0.091175657,0.0,0.0,1.0,0.0
n984,43.1913,-89.3797,2.949051968,2.949051968,2.949051968,0.0,0.0,1.0,0.0
n985,43.1954,-89.5077,0.274734637,0.274734637,0.274734637,0.0,0.0,1.0,0.0
n986,43.1903,-89.4402,0.242086138,0.242086138,0.242086138,0.0,0.0,1.0,0.0
n987,43.187,-89.3785,0.194927598,0.194927598,0.194927598,0.0,0.0,1.0,0.0
n988,43.1915,-89.4849,0.144623068,0.144623068,0.144623068,0.0,0.0,1.0,0.0
n989,43.19,-89.4289,0.534478224,0.534478224,0.534478224,0.0,0.0,1.0,0.0
n990,43.188,-89.3951,0.23099677,0.23099677,0.23099677,0.0,0.0,1.0,0.0
n991,43.1962,-89.563,0.117833751,0.117833751,0.117833751,0.0,0.0,1.0,0.0
n992,43.1925,-89.5037,0.282956982,0.282956982,0.282956982,0.0,0.0,1.0,0.0
n993,43.1851,-89.3438,0.0,0,1.0,0.0,0.0,1.0,0.0
n994,43.1861,-89.3386,1.084675044,1.084675044,1.084675044,0.0,0.0,1.0,0.0
n995,43.1945,-89.5381,0.185105266,0.185105266,0.185105266,0.0,0.0,1.0,0.0
n996,43.1956,-89.577,0.116379426,0.116379426,0.116379426,0.0,0.0,1.0,0.0
n997,43.1943,-89.5199,0.155877844,0.155877844,0.155877844,0.0,0.0,1.0,0.0
n998,43.1952,-89.5136,1.949247693,1.949247693,1.949247693,0.0,0.0,1.0,0.0
n999,43.183,-89.294,0.361559776,0.361559776,0.361559776,0.0,0.0,1.0,0.0
n1000,43.1819,-89.291,0.166632178,0.166632178,0.166632178,0.0,0.0,1.0,0.0
n1001,43.1906,-89.4792,0.352126074,0.352126074,0.352126074,0.0,0.0,1.0,0.0
n1002,43.1817,-89.2967,0.120806515,0.120806515,0.120806515,0.0,0.0,1.0,0.0
n1003,43.1818,-89.272,0.716833256,0.716833256,0.716833256,0.0,0.0,1.0,0.0
n1004,43.1801,-89.2675,0.29868121,0.29868121,0.29868121,0.0,0.0,1.0,0.0
n1005,43.1932,-89.5264,0.738832492,0.738832492,0.738832492,0.0,0.0,1.0,0.0
n1006,43.1865,-89.3702,0.264500783,0.264500783,0.264500783,0.0,0.0,1.0,0.0
n1007,43.1906,-89.4932,0.433869187,0.433869187,0.433869187,0.0,0.0,1.0,0.0
n1008,43.1967,-89.5987,0.0,0,1.0,0.0,0.0,1.0,0.0
n1009,43.1935,-89.5426,0.578489413,0.578489413,0.578489413,0.0,0.0,1.0,0.0
n1010,43.1808,-89.2617,0.600505623,0.600505623,0.600505623,0.0,0.0,1.0,0.0
n1011,43.1883,-89.4093,0.845732081,0.845732081,0.845732081,0.0,0.0,1.0,0.0
n1012,43.1795,-89.2953,0.0,0,1.0,0.0,0.0,1.0,0.0
n1013,43.1796,-89.2906,0.128904483,0.128904483,0.128904483,0.0,0.0,1.0,0.0
n1014,43.1941,-89.5679,0.635080254,0.635080254,0.635080254,0.0,0.0,1.0,0.0
n1015,43.1882,-89.478,0.235798442,0.235798442,0.235798442,0.0,0.0,1.0,0.0
n1016,43.187,-89.4261,0.836301234,0.836301234,0.836301234,0.0,0.0,1.0,0.0
n1017,43.1836,-89.3694,0.392999746,0.392999746,0.392999746,0.0,0.0,1.0,0.0
n1018,43.1842,-89.394,0.331508811,0.331508811,0.331508811,0.0,0.0,1.0,0.0
n1019,43.1866,-89.4798,0.132496955,0.132496955,0.132496955,0.0,0.0,1.0,0.0
n1020,43.1846,-89.4304,0.169775326,0.169775326,0.169775326,0.0,0.0,1.0,0.0
n1021,43.1943,-89.5881,1.028077144,1.028077144,1.028077144,0.0,0.0,1.0,0.0
n1022,43.1834,-89.3838,2.134771201,2.134771201,2.134771201,0.0,0.0,1.0,0.0
n1023,43.1907,-89.5496,0.440156885,0.440156885,0.440156885,0.0,0.0,1.0,0.0
n1024,43.1856,-89.4054,1.955562334,1.955562334,1.955562334,0.0,0.0,1.0,0.0
n1025,43.1903,-89.5699,0.260950714,0.260950714,0.260950714,0.0,0.0,1.0,0.0
n1026,43.1832,-89.425,0.553344227,0.553344227,0.553344227,0.0,0.0,1.0,0.0
n1027,43.1862,-89.4167,2.458593449,2.458593449,2.458593449,0.0,0.0,1.0,0.0
n1028,43.1774,-89.3315,0.223224421,0.223224421,0.223224421,0.0,0.0,1.0,0.0
n1029,43.1899,-89.5818,0.355269222,0.355269222,0.355269222,0.0,0.0,1.0,0.0
n1030,43.1856,-89.4871,0.971493362,0.971493362,0.971493362,0.0,0.0,1.0,0.0
n1031,43.1771,-89.3399,0.367850304,0.367850304,0.367850304,0.0,0.0,1.0,0.0
n1032,43.1798,-89.4086,0.234526479,0.234526479,0.234526479,0.0,0.0,1.0,0.0
n1033,43.179,-89.3886,0.405576596,0.405576596,0.405576596,0.0,0.0,1.0,0.0
n1034,43.1746,-89.2833,0.354435605,0.354435605,0.354435605,0.0,0.0,1.0,0.0
n1035,43.1861,-89.5457,0.167570045,0.167570045,0.167570045,0.0,0.0,1.0,0.0
n1036,43.1866,-89.5423,0.177312509,0.177312509,0.177312509,0.0,0.0,1.0,0.0
n1037,43.1829,-89.4806,0.138336056,0.138336056,0.138336056,0.0,0.0,1.0,0.0
n1038,43.1835,-89.4822,0.14418828,0.14418828,0.14418828,0.0,0.0,1.0,0.0
n1039,43.179,-89.4169,1.024948168,1.024948168,1.024948168,0.0,0.0,1.0,0.0
n1040,43.1873,-89.5657,1.204147227,1.204147227,1.204147227,0.0,0.0,1.0,0.0
n1041,43.1823,-89.4984,0.372162877,0.372162877,0.372162877,0.0,0.0,1.0,0.0
n1042,43.1807,-89.4864,0.169519767,0.169519767,0.169519767,0.0,0.0,1.0,0.0
n1043,43.1853,-89.5633,0.399919584,0.399919584,0.399919584,0.0,0.0,1.0,0.0
n1044,43.1856,-89.5794,0.588444403,0.588444403,0.588444403,0.0,0.0,1.0,0.0
n1045,43.1756,-89.3847,0.481036188,0.481036188,0.481036188,0.0,0.0,1.0,0.0
n1046,43.1759,-89.3778,0.858318792,0.858318792,0.858318792,0.0,0.0,1.0,0.0
n1047,43.1721,-89.3301,0.09169531,0.09169531,0.09169531,0.0,0.0,1.0,0.0
n1048,43.183,-89.5448,0.210647584,0.210647584,0.210647584,0.0,0.0,1.0,0.0
n1049,43.176,-89.3985,0.225709755,0.225709755,0.225709755,0.0,0.0,1.0,0.0
n1050,43.1713,-89.3276,0.096985498,0.096985498,0.096985498,0.0,0.0,1.0,0.0
n1051,43.1827,-89.548,0.18510702,0.18510702,0.18510702,0.0,0.0,1.0,0.0
n1052,43.1787,-89.473,0.257808966,0.257808966,0.257808966,0.0,0.0,1.0,0.0
n1053,43.183,-89.5744,0.105218377,0.105218377,0.105218377,0.0,0.0,1.0,0.0
n1054,43.1819,-89.5544,0.40528799,0.40528799,0.40528799,0.0,0.0,1.0,0.0
n1055,43.1809,-89.5357,0.383568874,0.383568874,0.383568874,0.0,0.0,1.0,0.0
n1056,43.1804,-89.4785,1.521694494,1.521694494,1.521694494,0.0,0.0,1.0,0.0
n1057,43.1806,-89.5053,0.402433448,0.402433448,0.402433448,0.0,0.0,1.0,0.0
n1058,43.1804,-89.4911,1.722912565,1.722912565,1.722912565,0.0,0.0,1.0,0.0
n1059,43.1754,-89.4305,0.07419361,0.07419361,0.07419361,0.0,0.0,1.0,0.0
n1060,43.1794,-89.5363,0.081836962,0.081836962,0.081836962,0.0,0.0,1.0,0.0
n1061,43.1789,-89.5003,0.354628524,0.354628524,0.354628524,0.0,0.0,1.0,0.0
n1062,43.1806,-89.5425,0.23580127,0.23580127,0.23580127,0.0,0.0,1.0,0.0
n1063,43.1762,-89.4795,0.085734394,0.085734394,0.085734394,0.0,0.0,1.0,0.0
n1064,43.1752,-89.4073,0.911767887,0.911767887,0.911767887,0.0,0.0,1.0,0.0
n1065,43.1696,-89.3319,0.160466982,0.160466982,0.160466982,0.0,0.0,1.0,0.0
n1066,43.182,-89.5693,0.178644552,0.178644552,0.178644552,0.0,0.0,1.0,0.0
n1067,43.1786,-89.5089,0.284481492,0.284481492,0.284481492,0.0,0.0,1.0,0.0
n1068,43.1795,-89.5498,0.201216724,0.201216724,0.201216724,0.0,0.0,1.0,0.0
n1069,43.1734,-89.4285,0.072312659,0.072312659,0.072312659,0.0,0.0,1.0,0.0
n1070,43.1786,-89.5197,0.26724124,0.26724124,0.26724124,0.0,0.0,1.0,0.0
n1071,43.175,-89.4521,0.102274893,0.102274893,0.102274893,0.0,0.0,1.0,0.0
n1072,43.1787,-89.5234,0.304968935,0.304968935,0.304968935,0.0,0.0,1.0,0.0
n1073,43.1729,-89.4,0.27861167,0.27861167,0.27861167,0.0,0.0,1.0,0.0
n1074,43.1803,-89.5264,0.575353323,0.575353323,0.575353323,0.0,0.0,1.0,0.0
n1075,43.1747,-89.4797,0.188641289,0.188641289,0.188641289,0.0,0.0,1.0,0.0
n1076,43.1722,-89.4046,0.190954432,0.190954432,0.190954432,0.0,0.0,1.0,0.0
n1077,43.1778,-89.5362,0.547059331,0.547059331,0.547059331,0.0,0.0,1.0,0.0
n1078,43.1754,-89.4859,0.433876248,0.433876248,0.433876248,0.0,0.0,1.0,0.0
n1079,43.1791,-89.5579,0.550202479,0.550202479,0.550202479,0.0,0.0,1.0,0.0
n1080,43.1713,-89.4082,0.248379522,0.248379522,0.248379522,0.0,0.0,1.0,0.0
n1081,43.1754,-89.4925,0.565923879,0.565923879,0.565923879,0.0,0.0,1.0,0.0
n1082,43.1775,-89.5516,0.537627031,0.537627031,0.537627031,0.0,0.0,1.0,0.0
n1083,43.1738,-89.4558,0.238053799,0.238053799,0.238053799,0.0,0.0,1.0,0.0
n1084,43.1757,-89.5293,0.248378094,0.248378094,0.248378094,0.0,0.0,1.0,0.0
n1085,43.1745,-89.4594,0.581645279,0.581645279,0.581645279,0.0,0.0,1.0,0.0
n1086,43.1741,-89.4483,0.280586424,0.280586424,0.280586424,0.0,0.0,1.0,0.0
n1087,43.1714,-89.3937,0.801729407,0.801729407,0.801729407,0.0,0.0,1.0,0.0
n1088,43.1755,-89.5341,0.16172614,0.16172614,0.16172614,0.0,0.0,1.0,0.0
n1089,43.1753,-89.5237,0.374139428,0.374139428,0.374139428,0.0,0.0,1.0,0.0
n1090,43.1705,-89.4301,0.093458176,0.093458176,0.093458176,0.0,0.0,1.0,0.0
n1091,43.1696,-89.3995,0.38357313,0.38357313,0.38357313,0.0,0.0,1.0,0.0
n1092,43.1751,-89.5156,0.273530366,0.273530366,0.273530366,0.0,0.0,1.0,0.0
n1093,43.1697,-89.388,0.8708999,0.8708999,0.8708999,0.0,0.0,1.0,0.0
n1094,43.1779,-89.5684,1.006084968,1.006084968,1.006084968,0.0,0.0,1.0,0.0
n1095,43.1722,-89.4655,0.248634177,0.248634177,0.248634177,0.0,0.0,1.0,0.0
n1096,43.1685,-89.4054,0.268032865,0.268032865,0.268032865,0.0,0.0,1.0,0.0
n1097,43.1753,-89.5575,2.313447232536444,0.323834911,0.323834911,-1.9896123215364439,1.0,7.143909300552354,0.8539359320899422
n1098,43.1755,-89.5452,0.16562383,0.16562383,0.16562383,0.0,0.0,1.0,0.0
n1099,43.1755,-89.5627,0.210648998,0.210648998,0.210648998,0.0,0.0,1.0,0.0
n1100,43.1748,-89.5388,0.193969409,0.193969409,0.193969409,0.0,0.0,1.0,0.0
n1101,43.174,-89.4706,2.141085842,2.141085842,2.141085842,0.0,0.0,1.0,0.0
n1102,43.1705,-89.451,0.628808075,0.628808075,0.628808075,0.0,0.0,1.0,0.0
n1103,43.1687,-89.4174,0.243345575,0.243345575,0.243345575,0.0,0.0,1.0,0.0
n1104,43.1727,-89.4875,0.524151797,0.524151797,0.524151797,0.0,0.0,1.0,0.0
n1105,43.1745,-89.5705,0.14224118,0.14224118,0.14224118,0.0,0.0,1.0,0.0
n1106,43.1728,-89.5068,0.484180792,0.484180792,0.484180792,0.0,0.0,1.0,0.0
n1107,43.1671,-89.4398,0.0,0,1.0,0.0,0.0,1.0,0.0
n1108,43.1679,-89.4294,0.181626951,0.181626951,0.181626951,0.0,0.0,1.0,0.0
n1109,43.1664,-89.4008,0.4302635,0.4302635,0.4302635,0.0,0.0,1.0,0.0
n1110,43.1675,-89.4467,0.059646084,0.059646084,0.059646084,0.0,0.0,1.0,0.0
n1111,43.1738,-89.5514,0.610122837,0.610122837,0.610122837,0.0,0.0,1.0,0.0
n1112,43.1648,-89.3931,0.245236373,0.245236373,0.245236373,0.0,0.0,1.0,0.0
n1113,43.1729,-89.5126,1.185301055,1.185301055,1.185301055,0.0,0.0,1.0,0.0
n1114,43.1682,-89.4643,0.550208138,0.550208138,0.550208138,0.0,0.0,1.0,0.0
n1115,43.1664,-89.4342,0.459031348,0.459031348,0.459031348,0.0,0.0,1.0,0.0
n1116,43.1682,-89.4693,0.227977235,0.227977235,0.227977235,0.0,0.0,1.0,0.0
n1117,43.1671,-89.45,0.282964068,0.282964068,0.282964068,0.0,0.0,1.0,0.0
n1118,43.1711,-89.5425,0.433877648,0.433877648,0.433877648,0.0,0.0,1.0,0.0
n1119,43.1692,-89.5194,0.270387217,0.270387217,0.270387217,0.0,0.0,1.0,0.0
n1120,43.1653,-89.4167,0.241582708,0.241582708,0.241582708,0.0,0.0,1.0,0.0
n1121,43.1712,-89.547,0.212388228,0.212388228,0.212388228,0.0,0.0,1.0,0.0
n1122,43.1714,-89.5351,0.940067592,0.940067592,0.940067592,0.0,0.0,1.0,0.0
n1123,43.1683,-89.4938,0.214337951,0.214337951,0.214337951,0.0,0.0,1.0,0.0
n1124,43.1641,-89.4094,0.185155072,0.185155072,0.185155072,0.0,0.0,1.0,0.0
n1125,43.1638,-89.4042,0.182354992,0.182354992,0.182354992,0.0,0.0,1.0,0.0
n1126,43.1689,-89.5073,0.379962632,0.379962632,0.379962632,0.0,0.0,1.0,0.0
n1127,43.1711,-89.5574,0.498821195,0.498821195,0.498821195,0.0,0.0,1.0,0.0
n1128,43.1715,-89.5639,0.697975767,0.697975767,0.697975767,0.0,0.0,1.0,0.0
n1129,43.1675,-89.4737,0.575361785,0.575361785,0.575361785,0.0,0.0,1.0,0.0
n1130,43.1644,-89.4392,0.262743477,0.262743477,0.262743477,0.0,0.0,1.0,0.0
n1131,43.1714,-89.5272,1.125565665,1.125565665,1.125565665,0.0,0.0,1.0,0.0
n1132,43.1683,-89.5458,0.307867632,0.307867632,0.307867632,0.0,0.0,1.0,0.0
n1133,43.1679,-89.5294,0.296176316,0.296176316,0.296176316,0.0,0.0,1.0,0.0
n1134,43.1619,-89.4005,0.968372901,0.968372901,0.968372901,0.0,0.0,1.0,0.0
n1135,43.1669,-89.4823,1.329934051,1.329934051,1.329934051,0.0,0.0,1.0,0.0
n1136,43.1608,-89.4097,0.283905017,0.283905017,0.283905017,0.0,0.0,1.0,0.0
n1137,43.1645,-89.4938,0.440168202,0.440168202,0.440168202,0.0,0.0,1.0,0.0
n1138,43.1682,-89.4875,1.876990472,1.876990472,1.876990472,0.0,0.0,1.0,0.0
n1139,43.166,-89.456,2.741618302,2.741618302,2.741618302,0.0,0.0,1.0,0.0
n1140,43.1604,-89.4198,0.185155858,0.185155858,0.185155858,0.0,0.0,1.0,0.0
n1141,43.1669,-89.5524,0.370220185,0.370220185,0.370220185,0.0,0.0,1.0,0.0
n1142,43.1652,-89.5091,0.487329599,0.487329599,0.487329599,0.0,0.0,1.0,0.0
n1143,43.1617,-89.4477,0.116383385,0.116383385,0.116383385,0.0,0.0,1.0,0.0
n1144,43.165,-89.5055,0.177316015,0.177316015,0.177316015,0.0,0.0,1.0,0.0
n1145,43.1701,-89.5003,3.298104114,3.298104114,3.298104114,0.0,0.0,1.0,0.0
n1146,43.1665,-89.5128,0.35527771,0.35527771,0.35527771,0.0,0.0,1.0,0.0
n1147,43.1663,-89.518,0.496760445,0.496760445,0.496760445,0.0,0.0,1.0,0.0
n1148,43.1649,-89.5144,0.128906315,0.128906315,0.128906315,0.0,0.0,1.0,0.0
n1149,43.1647,-89.5533,0.093529681,0.093529681,0.093529681,0.0,0.0,1.0,0.0
n1150,43.1616,-89.4876,0.136397275,0.136397275,0.136397275,0.0,0.0,1.0,0.0
n1151,43.1609,-89.4596,0.249701754,0.249701754,0.249701754,0.0,0.0,1.0,0.0
n1152,43.1664,-89.5586,0.672827726,0.672827726,0.672827726,0.0,0.0,1.0,0.0
n1153,43.1639,-89.5368,0.279820919,0.279820919,0.279820919,0.0,0.0,1.0,0.0
n1154,43.1633,-89.553,0.060902582,0.060902582,0.060902582,0.0,0.0,1.0,0.0
n1155,43.1639,-89.5401,0.194931829,0.194931829,0.194931829,0.0,0.0,1.0,0.0
n1156,43.1644,-89.5251,1.417977553,1.417977553,1.417977553,0.0,0.0,1.0,0.0
n1157,43.1569,-89.3993,0.911784808,0.911784808,0.911784808,0.0,0.0,1.0,0.0
n1158,43.166,-89.5657,0.317610112,0.317610112,0.317610112,0.0,0.0,1.0,0.0
n1159,43.1611,-89.4725,1.097282989,1.097282989,1.097282989,0.0,0.0,1.0,0.0
n1160,43.1649,-89.563,0.358422259,0.358422259,0.358422259,0.0,0.0,1.0,0.0
n1161,43.1606,-89.5044,0.304974593,0.304974593,0.304974593,0.0,0.0,1.0,0.0
n1162,43.1578,-89.4581,0.348992815,0.348992815,0.348992815,0.0,0.0,1.0,0.0
n1163,43.1588,-89.4515,0.491985283,0.491985283,0.491985283,0.0,0.0,1.0,0.0
n1164,43.157,-89.4171,0.232767571,0.232767571,0.232767571,0.0,0.0,1.0,0.0
n1165,43.1608,-89.5091,0.421305056,0.421305056,0.421305056,0.0,0.0,1.0,0.0
n1166,43.1596,-89.4883,0.345848265,0.345848265,0.345848265,0.0,0.0,1.0,0.0
n1167,43.1608,-89.5288,0.176067281,0.176067281,0.176067281,0.0,0.0,1.0,0.0
n1168,43.1609,-89.5255,0.14777186,0.14777186,0.14777186,0.0,0.0,1.0,0.0
n1169,43.1609,-89.5223,0.15783194,0.15783194,0.15783194,0.0,0.0,1.0,0.0
n1170,43.1574,-89.4444,0.657113385,0.657113385,0.657113385,0.0,0.0,1.0,0.0
n1171,43.1608,-89.5391,0.16757442,0.16757442,0.16757442,0.0,0.0,1.0,0.0
n1172,43.1561,-89.4583,0.172925546,0.172925546,0.172925546,0.0,0.0,1.0,0.0
n1173,43.1559,-89.4509,0.144628713,0.144628713,0.144628713,0.0,0.0,1.0,0.0
n1174,43.162,-89.4647,1.36767026,1.36767026,1.36767026,0.0,0.0,1.0,0.0
n1175,43.1601,-89.5345,0.455891003,0.455891003,0.455891003,0.0,0.0,1.0,0.0
n1176,43.1545,-89.4544,0.188645532,0.188645532,0.188645532,0.0,0.0,1.0,0.0
n1177,43.1607,-89.5574,0.150037446,0.150037446,0.150037446,0.0,0.0,1.0,0.0
n1178,43.1541,-89.4464,0.194933243,0.194933243,0.194933243,0.0,0.0,1.0,0.0
n1179,43.157,-89.5041,0.487333802,0.487333802,0.487333802,0.0,0.0,1.0,0.0
n1180,43.155,-89.4876,0.14148415,0.14148415,0.14148415,0.0,0.0,1.0,0.0
n1181,43.1592,-89.5175,0.930646608,0.930646608,0.930646608,0.0,0.0,1.0,0.0
n1182,43.1576,-89.5112,0.491986099,0.491986099,0.491986099,0.0,0.0,1.0,0.0
n1183,43.1579,-89.4817,2.537278045,2.537278045,2.537278045,0.0,0.0,1.0,0.0
n1184,43.1599,-89.5458,0.631959685,0.631959685,0.631959685,0.0,0.0,1.0,0.0
n1185,43.1524,-89.4542,0.270392876,0.270392876,0.270392876,0.0,0.0,1.0,0.0
n1186,43.1564,-89.5305,0.216942353,0.216942353,0.216942353,0.0,0.0,1.0,0.0
n1187,43.1572,-89.5737,0.070147741,0.070147741,0.070147741,0.0,0.0,1.0,0.0
n1188,43.1564,-89.5344,0.41187561,0.41187561,0.41187561,0.0,0.0,1.0,0.0
n1189,43.1568,-89.5242,1.09728579,1.09728579,1.09728579,0.0,0.0,1.0,0.0
n1190,43.1539,-89.4626,0.302487047,0.302487047,0.302487047,0.0,0.0,1.0,0.0
n1191,43.1567,-89.5411,0.965233901,0.965233901,0.965233901,0.0,0.0,1.0,0.0
n1192,43.1539,-89.5052,0.393011063,0.393011063,0.393011063,0.0,0.0,1.0,0.0
n1193,43.1568,-89.5491,0.317552845,0.317552845,0.317552845,0.0,0.0,1.0,0.0
n1194,43.159,-89.5529,0.804748741,0.804748741,0.804748741,0.0,0.0,1.0,0.0
n1195,43.153,-89.4876,0.268900351,0.268900351,0.268900351,0.0,0.0,1.0,0.0
n1196,43.156,-89.5585,1.9190728627708271,0.257208166,0.257208166,-1.661864696770827,1.0,7.461166154307974,0.8728067114941714
n1197,43.1519,-89.4622,0.276694862,0.276694862,0.276694862,0.0,0.0,1.0,0.0
n1198,43.1504,-89.4539,0.142245555,0.142245555,0.142245555,0.0,0.0,1.0,0.0
n1199,43.1568,-89.4967,3.137796494,3.137796494,3.137796494,0.0,0.0,1.0,0.0
n1200,43.1585,-89.5683,1.197893479,1.197893479,1.197893479,0.0,0.0,1.0,0.0
n1201,43.1536,-89.5165,0.72628528,0.72628528,0.72628528,0.0,0.0,1.0,0.0
n1202,43.1516,-89.4494,0.581657997,0.581657997,0.581657997,0.0,0.0,1.0,0.0
n1203,43.1509,-89.4452,0.509344354,0.509344354,0.509344354,0.0,0.0,1.0,0.0
n1204,43.1491,-89.4645,0.147773274,0.147773274,0.147773274,0.0,0.0,1.0,0.0
n1205,43.1497,-89.4596,0.290962047,0.290962047,0.290962047,0.0,0.0,1.0,0.0
n1206,43.1489,-89.4687,0.6330809316151909,0.141485564,0.141485564,-0.49159536761519085,1.0,4.474526684681349,0.6507471024222817
n1207,43.1531,-89.4744,4.203656299,4.203656299,4.203656299,0.0,0.0,1.0,0.0
n1208,43.1532,-89.5659,0.099376217,0.099376217,0.099376217,0.0,0.0,1.0,0.0
n1209,43.1524,-89.5321,0.154060986,0.154060986,0.154060986,0.0,0.0,1.0,0.0
n1210,43.1498,-89.4895,0.185113148,0.185113148,0.185113148,0.0,0.0,1.0,0.0
n1211,43.1501,-89.5237,0.182357822,0.182357822,0.182357822,0.0,0.0,1.0,0.0
n1212,43.15,-89.5168,0.192907661,0.192907661,0.192907661,0.0,0.0,1.0,0.0
n1213,43.1464,-89.424,0.587949951,0.587949951,0.587949951,0.0,0.0,1.0,0.0
n1214,43.1505,-89.5435,0.161730516,0.161730516,0.161730516,0.0,0.0,1.0,0.0
n1215,43.1518,-89.5391,0.550218,0.550218,0.550218,0.0,0.0,1.0,0.0
n1216,43.146,-89.4494,0.31126795,0.31126795,0.31126795,0.0,0.0,1.0,0.0
n1217,43.1456,-89.4447,0.584806802,0.584806802,0.584806802,0.0,0.0,1.0,0.0
n1218,43.1508,-89.5749,0.122620019,0.122620019,0.122620019,0.0,0.0,1.0,0.0
n1219,43.1458,-89.4562,1.043848013,1.043848013,1.043848013,0.0,0.0,1.0,0.0
n1220,43.1516,-89.5511,0.657117643,0.657117643,0.657117643,0.0,0.0,1.0,0.0
n1221,43.1475,-89.5294,0.165628205,0.165628205,0.165628205,0.0,0.0,1.0,0.0
n1222,43.1507,-89.5325,0.939210288,0.939210288,0.939210288,0.0,0.0,1.0,0.0
n1223,43.145,-89.488,0.317555673,0.317555673,0.317555673,0.0,0.0,1.0,0.0
n1224,43.1432,-89.4501,0.339566199,0.339566199,0.339566199,0.0,0.0,1.0,0.0
n1225,43.1512,-89.5692,0.602104729,0.602104729,0.602104729,0.0,0.0,1.0,0.0
n1226,43.1488,-89.5024,2.100260213,2.100260213,2.100260213,0.0,0.0,1.0,0.0
n1227,43.1487,-89.5638,0.155884856,0.155884856,0.155884856,0.0,0.0,1.0,0.0
n1228,43.1457,-89.4827,0.317617126,0.317617126,0.317617126,0.0,0.0,1.0,0.0
n1229,43.15,-89.5724,0.393013864,0.393013864,0.393013864,0.0,0.0,1.0,0.0
n1230,43.1475,-89.5117,1.103583403,1.103583403,1.103583403,0.0,0.0,1.0,0.0
n1231,43.1438,-89.493,0.112020864,0.112020864,0.112020864,0.0,0.0,1.0,0.0
n1232,43.1477,-89.5213,0.543931703,0.543931703,0.543931703,0.0,0.0,1.0,0.0
n1233,43.1426,-89.44,0.477907214,0.477907214,0.477907214,0.0,0.0,1.0,0.0
n1234,43.1456,-89.5378,0.242097455,0.242097455,0.242097455,0.0,0.0,1.0,0.0
n1235,43.1417,-89.486,0.776601141,0.776601141,0.776601141,0.0,0.0,1.0,0.0
n1236,43.1411,-89.4663,0.625683304,0.625683304,0.625683304,0.0,0.0,1.0,0.0
n1237,43.1452,-89.5531,0.20070304,0.20070304,0.20070304,0.0,0.0,1.0,0.0
n1238,43.1443,-89.5396,0.279826551,0.279826551,0.279826551,0.0,0.0,1.0,0.0
n1239,43.1441,-89.5313,0.697590277,0.697590277,0.697590277,0.0,0.0,1.0,0.0
n1240,43.1445,-89.4997,2.229178707,2.229178707,2.229178707,0.0,0.0,1.0,0.0
n1241,43.1455,-89.5697,0.74830149,0.74830149,0.74830149,0.0,0.0,1.0,0.0
n1242,43.1425,-89.512,0.35268383,0.35268383,0.35268383,0.0,0.0,1.0,0.0
n1243,43.1439,-89.5177,1.015552619,1.015552619,1.015552619,0.0,0.0,1.0,0.0
n1244,43.1396,-89.487,0.220089746,0.220089746,0.220089746,0.0,0.0,1.0,0.0
n1245,43.1437,-89.5247,0.625681902,0.625681902,0.625681902,0.0,0.0,1.0,0.0
n1246,43.1411,-89.5314,0.339566199,0.339566199,0.339566199,0.0,0.0,1.0,0.0
n1247,43.1382,-89.4855,0.292406231,0.292406231,0.292406231,0.0,0.0,1.0,0.0
n1248,43.1461,-89.5464,3.489970502,3.489970502,3.489970502,0.0,0.0,1.0,0.0
n1249,43.1384,-89.5083,0.081840553,0.081840553,0.081840553,0.0,0.0,1.0,0.0
n1250,43.1414,-89.5594,0.264107981,0.264107981,0.264107981,0.0,0.0,1.0,0.0
n1251,43.1479,-89.5578,2.817124561,2.817124561,2.817124561,0.0,0.0,1.0,0.0
n1252,43.142,-89.5693,0.235777876,0.235777876,0.235777876,0.0,0.0,1.0,0.0
n1253,43.1356,-89.4444,0.421316345,0.421316345,0.421316345,0.0,0.0,1.0,0.0
n1254,43.1416,-89.5736,0.377295294,0.377295294,0.377295294,0.0,0.0,1.0,0.0
n1255,43.1357,-89.4579,0.122761488,0.122761488,0.122761488,0.0,0.0,1.0,0.0
n1256,43.1354,-89.4604,0.132054407,0.132054407,0.132054407,0.0,0.0,1.0,0.0
n1257,43.1385,-89.5387,0.1855052,0.1855052,0.1855052,0.0,0.0,1.0,0.0
n1258,43.1373,-89.4942,0.260964832,0.260964832,0.260964832,0.0,0.0,1.0,0.0
n1259,43.136,-89.4773,0.311270778,0.311270778,0.311270778,0.0,0.0,1.0,0.0
n1260,43.135,-89.4699,0.22009116,0.22009116,0.22009116,0.0,0.0,1.0,0.0
n1261,43.1382,-89.5006,0.783331543,0.783331543,0.783331543,0.0,0.0,1.0,0.0
n1262,43.1361,-89.5004,0.201225199,0.201225199,0.201225199,0.0,0.0,1.0,0.0
n1263,43.1355,-89.484,0.802819175,0.802819175,0.802819175,0.0,0.0,1.0,0.0
n1264,43.1352,-89.493,0.233830775,0.233830775,0.233830775,0.0,0.0,1.0,0.0
n1265,43.1348,-89.4637,0.408740923,0.408740923,0.408740923,0.0,0.0,1.0,0.0
n1266,43.1377,-89.5235,0.477888692,0.477888692,0.477888692,0.0,0.0,1.0,0.0
n1267,43.135,-89.4981,0.223235723,0.223235723,0.223235723,0.0,0.0,1.0,0.0
n1268,43.1346,-89.4671,0.393019523,0.393019523,0.393019523,0.0,0.0,1.0,0.0
n1269,43.1381,-89.5742,0.109120442,0.109120442,0.109120442,0.0,0.0,1.0,0.0
n1270,43.1378,-89.5693,0.399307248,0.399307248,0.399307248,0.0,0.0,1.0,0.0
n1271,43.1326,-89.4767,0.109121318,0.109121318,0.109121318,0.0,0.0,1.0,0.0
n1272,43.1381,-89.5784,5.1298380846683305,0.239676433,0.239676433,-4.890161651668331,1.0,21.4031810322725,1.3304783248489593
n1273,43.1371,-89.5132,0.848205154,0.848205154,0.848205154,0.0,0.0,1.0,0.0
n1274,43.1339,-89.5252,0.065247049,0.065247049,0.065247049,0.0,0.0,1.0,0.0
n1275,43.1341,-89.4531,1.311114715,1.311114715,1.311114715,0.0,0.0,1.0,0.0
n1276,43.1314,-89.4443,0.49677882,0.49677882,0.49677882,0.0,0.0,1.0,0.0
n1277,43.1366,-89.5326,0.941672813,0.941672813,0.941672813,0.0,0.0,1.0,0.0
n1278,43.1355,-89.5782,0.103537456,0.103537456,0.103537456,0.0,0.0,1.0,0.0
n1279,43.1343,-89.5386,0.194859119,0.194859119,0.194859119,0.0,0.0,1.0,0.0
n1280,43.1317,-89.4612,0.401411324,0.401411324,0.401411324,0.0,0.0,1.0,0.0
n1281,43.1313,-89.4493,0.867790647,0.867790647,0.867790647,0.0,0.0,1.0,0.0
n1282,43.1316,-89.4857,0.179217488,0.179217488,0.179217488,0.0,0.0,1.0,0.0
n1283,43.1318,-89.4824,0.159785169,0.159785169,0.159785169,0.0,0.0,1.0,0.0
n1284,43.1316,-89.4924,0.157836315,0.157836315,0.157836315,0.0,0.0,1.0,0.0
n1285,43.1299,-89.4753,0.03055163,0.03055163,0.03055163,0.0,0.0,1.0,0.0
n1286,43.134,-89.5204,0.553372464,0.553372464,0.553372464,0.0,0.0,1.0,0.0
n1287,43.1316,-89.4989,0.339570429,0.339570429,0.339570429,0.0,0.0,1.0,0.0
n1288,43.1315,-89.4954,0.101326816,0.101326816,0.101326816,0.0,0.0,1.0,0.0
n1289,43.1357,-89.5594,0.7514531,0.7514531,0.7514531,0.0,0.0,1.0,0.0
n1290,43.1368,-89.5501,6.064972113245759,2.53103432,2.53103432,-3.5339377932457587,1.0,2.3962425421579265,0.37953077423053233
n1291,43.1303,-89.4691,0.477914273,0.477914273,0.477914273,0.0,0.0,1.0,0.0
n1292,43.1303,-89.4791,0.371011827,0.371011827,0.371011827,0.0,0.0,1.0,0.0
n1293,43.1345,-89.5698,0.754105906,0.754105906,0.754105906,0.0,0.0,1.0,0.0
n1294,43.1339,-89.5437,0.344900939,0.344900939,0.344900939,0.0,0.0,1.0,0.0
n1295,43.1316,-89.525,0.118864667,0.118864667,0.118864667,0.0,0.0,1.0,0.0
n1296,43.1289,-89.4837,0.101327692,0.101327692,0.101327692,0.0,0.0,1.0,0.0
n1297,43.1325,-89.5077,0.745933404,0.745933404,0.745933404,0.0,0.0,1.0,0.0
n1298,43.1334,-89.5788,0.223235723,0.223235723,0.223235723,0.0,0.0,1.0,0.0
n1299,43.1276,-89.4759,0.354646057,0.354646057,0.354646057,0.0,0.0,1.0,0.0
n1300,43.129,-89.4969,0.167580549,0.167580549,0.167580549,0.0,0.0,1.0,0.0
n1301,43.1309,-89.5319,0.653987158,0.653987158,0.653987158,0.0,0.0,1.0,0.0
n1302,43.1293,-89.5276,0.172929777,0.172929777,0.172929777,0.0,0.0,1.0,0.0
n1303,43.1277,-89.4889,0.371013228,0.371013228,0.371013228,0.0,0.0,1.0,0.0
n1304,43.1303,-89.5787,0.124710334,0.124710334,0.124710334,0.0,0.0,1.0,0.0
n1305,43.1294,-89.5196,1.002991343,1.002991343,1.002991343,0.0,0.0,1.0,0.0
n1306,43.1281,-89.5245,0.238957136,0.238957136,0.238957136,0.0,0.0,1.0,0.0
n1307,43.1272,-89.4641,0.693704828,0.693704828,0.693704828,0.0,0.0,1.0,0.0
n1308,43.1301,-89.5825,0.286119934,0.286119934,0.286119934,0.0,0.0,1.0,0.0
n1309,43.1262,-89.449,1.273394027,1.273394027,1.273394027,0.0,0.0,1.0,0.0
n1310,43.1295,-89.5482,21.6110809034736,1.691565903,1.691565903,-19.9195150004736,1.0,12.775784180294865,1.1063875667106786
n1311,43.1292,-89.5597,0.745169604,0.745169604,0.745169604,0.0,0.0,1.0,0.0
n1312,43.1285,-89.5381,1.342563119,1.342563119,1.342563119,0.0,0.0,1.0,0.0
n1313,43.1255,-89.4955,1.553224808,1.553224808,1.553224808,0.0,0.0,1.0,0.0
n1314,43.1212,-89.4443,0.358439234,0.358439234,0.358439234,0.0,0.0,1.0,0.0
n1315,43.1282,-89.5672,1.15391333,1.15391333,1.15391333,0.0,0.0,1.0,0.0
n1316,43.1292,-89.5745,1.396013615,1.396013615,1.396013615,0.0,0.0,1.0,0.0
n1317,43.1245,-89.521,0.116916699,0.116916699,0.116916699,0.0,0.0,1.0,0.0
n1318,43.1243,-89.5188,0.125767694,0.125767694,0.125767694,0.0,0.0,1.0,0.0
n1319,43.1236,-89.5107,0.0,0,1.0,0.0,0.0,1.0,0.0
n1320,43.1268,-89.5823,0.151991542,0.151991542,0.151991542,0.0,0.0,1.0,0.0
n1321,43.1249,-89.5332,0.323851858,0.323851858,0.323851858,0.0,0.0,1.0,0.0
n1322,43.1239,-89.5166,0.12471121,0.12471121,0.12471121,0.0,0.0,1.0,0.0
n1323,43.1243,-89.5477,38.11375777871024,0.198083464,0.198083464,-37.91567431471024,1.0,192.41261743438736,2.284233547444318
n1324,43.1215,-89.4938,0.113019886,0.113019886,0.113019886,0.0,0.0,1.0,0.0
n1325,43.1246,-89.5657,0.257823086,0.257823086,0.257823086,0.0,0.0,1.0,0.0
n1326,43.1248,-89.5277,0.935331852,0.935331852,0.935331852,0.0,0.0,1.0,0.0
n1327,43.1214,-89.5202,0.14809472,0.14809472,0.14809472,0.0,0.0,1.0,0.0
n1328,43.1224,-89.5484,0.163498918,0.163498918,0.163498918,0.0,0.0,1.0,0.0
n1329,43.1207,-89.4974,0.591110074,0.591110074,0.591110074,0.0,0.0,1.0,0.0
n1330,43.1212,-89.5089,0.352150109,0.352150109,0.352150109,0.0,0.0,1.0,0.0
n1331,43.1228,-89.5655,0.213168894,0.213168894,0.213168894,0.0,0.0,1.0,0.0
n1332,43.122,-89.5367,0.19179574,0.19179574,0.19179574,0.0,0.0,1.0,0.0
n1333,43.1216,-89.534,0.176075755,0.176075755,0.176075755,0.0,0.0,1.0,0.0
n1334,43.1197,-89.5023,0.040921107,0.040921107,0.040921107,0.0,0.0,1.0,0.0
n1335,43.1195,-89.5044,0.056510118,0.056510118,0.056510118,0.0,0.0,1.0,0.0
n1336,43.1197,-89.5241,0.30813186,0.30813186,0.30813186,0.0,0.0,1.0,0.0
n1337,43.1204,-89.5306,0.314420986,0.314420986,0.314420986,0.0,0.0,1.0,0.0
n1338,43.1223,-89.5411,0.779761211,0.779761211,0.779761211,0.0,0.0,1.0,0.0
n1339,43.1202,-89.5445,0.320708711,0.320708711,0.320708711,0.0,0.0,1.0,0.0
n1340,43.1204,-89.5583,1.065885347,1.065885347,1.065885347,0.0,0.0,1.0,0.0
n1341,43.1193,-89.5663,0.24747532,0.24747532,0.24747532,0.0,0.0,1.0,0.0
n1342,43.1202,-89.5735,0.787243243,0.787243243,0.787243243,0.0,0.0,1.0,0.0
n1343,43.119,-89.5486,0.333214865,0.333214865,0.333214865,0.0,0.0,1.0,0.0
n1344,43.1172,-89.5434,0.223238553,0.223238553,0.223238553,0.0,0.0,1.0,0.0
n1345,43.118,-89.5362,0.974705756,0.974705756,0.974705756,0.0,0.0,1.0,0.0
n1346,43.1167,-89.5239,0.462199932,0.462199932,0.462199932,0.0,0.0,1.0,0.0
n1347,43.1151,-89.5453,0.241595386,0.241595386,0.241595386,0.0,0.0,1.0,0.0
n1348,43.1175,-89.5529,0.732601269,0.732601269,0.732601269,0.0,0.0,1.0,0.0
n1349,43.1164,-89.5781,0.349008361,0.349008361,0.349008361,0.0,0.0,1.0,0.0
n1350,43.1149,-89.5558,0.323854688,0.323854688,0.323854688,0.0,0.0,1.0,0.0
n1351,43.1138,-89.5775,0.26411504,0.26411504,0.26411504,0.0,0.0,1.0,0.0
n1352,43.1122,-89.5527,0.177325651,0.177325651,0.177325651,0.0,0.0,1.0,0.0
n1353,43.1127,-89.5583,0.386740286,0.386740286,0.386740286,0.0,0.0,1.0,0.0
n1354,43.108,-89.5687,0.206591949,0.206591949,0.206591949,0.0,0.0,1.0,0.0
n1355,43.0729,-89.5439,0.058197083,0.058197083,0.058197083,0.0,0.0,1.0,0.0
n1356,43.073,-89.5406,0.231024515,0.231024515,0.231024515,0.0,0.0,1.0,0.0
n1357,43.0728,-89.5463,0.132512719,0.132512719,0.132512719,0.0,0.0,1.0,0.0
n1358,43.0702,-89.5445,0.109339834,0.109339834,0.109339834,0.0,0.0,1.0,0.0
n1359,43.0697,-89.5392,0.594287119,0.594287119,0.594287119,0.0,0.0,1.0,0.0
n1360,43.0705,-89.5537,0.937021927,0.937021927,0.937021927,0.0,0.0,1.0,0.0
n1361,43.0667,-89.5329,0.105231511,0.105231511,0.105231511,0.0,0.0,1.0,0.0
n1362,43.0657,-89.5308,0.125775454,0.125775454,0.125775454,0.0,0.0,1.0,0.0
n1363,43.0658,-89.5439,0.162953104,0.162953104,0.162953104,0.0,0.0,1.0,0.0
n1364,43.0656,-89.5281,0.204617362,0.204617362,0.204617362,0.0,0.0,1.0,0.0
n1365,43.0657,-89.5495,0.352171286,0.352171286,0.352171286,0.0,0.0,1.0,0.0
n1366,43.0646,-89.535,0.16369423,0.16369423,0.16369423,0.0,0.0,1.0,0.0
n1367,43.0642,-89.5392,0.795530679,0.795530679,0.795530679,0.0,0.0,1.0,0.0
n1368,43.0589,-89.529,0.127909725,0.127909725,0.127909725,0.0,0.0,1.0,0.0
n1369,43.0581,-89.5346,0.413135905,0.413135905,0.413135905,0.0,0.0,1.0,0.0
n1370,43.055,-89.5304,0.701206484,0.701206484,0.701206484,0.0,0.0,1.0,0.0
n1371,43.4066375,-89.9253233,0.0,0,1.0,0.0,0.0,1.0,0.0
n1372,43.0730517,-89.4012302,23.487485,0,1.0,-23.487485,1.0,23.487485,1.3708365157517195